Galaxy,Regime,mond_variant,sigma_baseline,n_inner_points,inner_region_defined,perturbation_label,delta_sigma,V_bar_over_V_MOND_inner_median,notes,max_abs_delta_sigma
NGC6946,baryon-dom,g_dag,0.067923,29,Y,gdag_p10,0.004934,0.8374,,0.033351
NGC6946,baryon-dom,g_dag,0.067923,29,Y,gdag_m10,-0.005189,0.8374,,0.033351
NGC6946,baryon-dom,g_dag,0.067923,29,Y,gdag_p20,0.009627,0.8374,,0.033351
NGC6946,baryon-dom,g_dag,0.067923,29,Y,gdag_m20,-0.010639,0.8374,,0.033351
NGC6946,baryon-dom,Ydisk,0.067923,29,Y,Ydisk_p10,0.011476,0.8374,,0.033351
NGC6946,baryon-dom,Ydisk,0.067923,29,Y,Ydisk_m10,-0.011975,0.8374,,0.033351
NGC6946,baryon-dom,Ydisk,0.067923,29,Y,Ydisk_p20,0.022384,0.8374,,0.033351
NGC6946,baryon-dom,Ydisk,0.067923,29,Y,Ydisk_m20,-0.024132,0.8374,,0.033351
NGC6946,baryon-dom,combined,0.067923,29,Y,both_p10,0.016371,0.8374,,0.033351
NGC6946,baryon-dom,combined,0.067923,29,Y,both_m10,-0.017068,0.8374,,0.033351
NGC6946,baryon-dom,combined,0.067923,29,Y,both_p20,0.031782,0.8374,,0.033351
NGC6946,baryon-dom,combined,0.067923,29,Y,both_m20,-0.033351,0.8374,,0.033351
NGC2903,baryon-dom,g_dag,0.145614,20,Y,gdag_p10,-0.004084,0.8421,,0.031125
NGC2903,baryon-dom,g_dag,0.145614,20,Y,gdag_m10,0.004564,0.8421,,0.031125
NGC2903,baryon-dom,g_dag,0.145614,20,Y,gdag_p20,-0.007753,0.8421,,0.031125
NGC2903,baryon-dom,g_dag,0.145614,20,Y,gdag_m20,0.00969,0.8421,,0.031125
NGC2903,baryon-dom,Ydisk,0.145614,20,Y,Ydisk_p10,-0.006844,0.8421,,0.031125
NGC2903,baryon-dom,Ydisk,0.145614,20,Y,Ydisk_m10,0.008705,0.8421,,0.031125
NGC2903,baryon-dom,Ydisk,0.145614,20,Y,Ydisk_p20,-0.012049,0.8421,,0.031125
NGC2903,baryon-dom,Ydisk,0.145614,20,Y,Ydisk_m20,0.019547,0.8421,,0.031125
NGC2903,baryon-dom,combined,0.145614,20,Y,both_p10,-0.010466,0.8421,,0.031125
NGC2903,baryon-dom,combined,0.145614,20,Y,both_m10,0.013737,0.8421,,0.031125
NGC2903,baryon-dom,combined,0.145614,20,Y,both_p20,-0.017968,0.8421,,0.031125
NGC2903,baryon-dom,combined,0.145614,20,Y,both_m20,0.031125,0.8421,,0.031125
NGC5585,baryon-dom,g_dag,0.046955,15,Y,gdag_p10,-0.002151,0.5287,,0.028187
NGC5585,baryon-dom,g_dag,0.046955,15,Y,gdag_m10,0.004014,0.5287,,0.028187
NGC5585,baryon-dom,g_dag,0.046955,15,Y,gdag_p20,-0.002663,0.5287,,0.028187
NGC5585,baryon-dom,g_dag,0.046955,15,Y,gdag_m20,0.010037,0.5287,,0.028187
NGC5585,baryon-dom,Ydisk,0.046955,15,Y,Ydisk_p10,-0.001826,0.5287,,0.028187
NGC5585,baryon-dom,Ydisk,0.046955,15,Y,Ydisk_m10,0.004737,0.5287,,0.028187
NGC5585,baryon-dom,Ydisk,0.046955,15,Y,Ydisk_p20,-0.00111,0.5287,,0.028187
NGC5585,baryon-dom,Ydisk,0.046955,15,Y,Ydisk_m20,0.012462,0.5287,,0.028187
NGC5585,baryon-dom,combined,0.046955,15,Y,both_p10,-0.00187,0.5287,,0.028187
NGC5585,baryon-dom,combined,0.046955,15,Y,both_m10,0.010518,0.5287,,0.028187
NGC5585,baryon-dom,combined,0.046955,15,Y,both_p20,0.003678,0.5287,,0.028187
NGC5585,baryon-dom,combined,0.046955,15,Y,both_m20,0.028187,0.5287,,0.028187
NGC0891,baryon-dom,g_dag,0.048239,8,Y,gdag_p10,-0.001136,0.8777,,0.017972
NGC0891,baryon-dom,g_dag,0.048239,8,Y,gdag_m10,0.001647,0.8777,,0.017972
NGC0891,baryon-dom,g_dag,0.048239,8,Y,gdag_p20,-0.001813,0.8777,,0.017972
NGC0891,baryon-dom,g_dag,0.048239,8,Y,gdag_m20,0.003858,0.8777,,0.017972
NGC0891,baryon-dom,Ydisk,0.048239,8,Y,Ydisk_p10,-0.00012,0.8777,,0.017972
NGC0891,baryon-dom,Ydisk,0.048239,8,Y,Ydisk_m10,0.003367,0.8777,,0.017972
NGC0891,baryon-dom,Ydisk,0.048239,8,Y,Ydisk_p20,0.002445,0.8777,,0.017972
NGC0891,baryon-dom,Ydisk,0.048239,8,Y,Ydisk_m20,0.01009,0.8777,,0.017972
NGC0891,baryon-dom,combined,0.048239,8,Y,both_p10,-0.000147,0.8777,,0.017972
NGC0891,baryon-dom,combined,0.048239,8,Y,both_m10,0.006134,0.8777,,0.017972
NGC0891,baryon-dom,combined,0.048239,8,Y,both_p20,0.004492,0.8777,,0.017972
NGC0891,baryon-dom,combined,0.048239,8,Y,both_m20,0.017972,0.8777,,0.017972
NGC7793,baryon-dom,g_dag,0.095261,36,Y,gdag_p10,0.002834,0.7645,,0.021714
NGC7793,baryon-dom,g_dag,0.095261,36,Y,gdag_m10,-0.002603,0.7645,,0.021714
NGC7793,baryon-dom,g_dag,0.095261,36,Y,gdag_p20,0.005809,0.7645,,0.021714
NGC7793,baryon-dom,g_dag,0.095261,36,Y,gdag_m20,-0.004848,0.7645,,0.021714
NGC7793,baryon-dom,Ydisk,0.095261,36,Y,Ydisk_p10,0.00669,0.7645,,0.021714
NGC7793,baryon-dom,Ydisk,0.095261,36,Y,Ydisk_m10,-0.005448,0.7645,,0.021714
NGC7793,baryon-dom,Ydisk,0.095261,36,Y,Ydisk_p20,0.014053,0.7645,,0.021714
NGC7793,baryon-dom,Ydisk,0.095261,36,Y,Ydisk_m20,-0.008801,0.7645,,0.021714
NGC7793,baryon-dom,combined,0.095261,36,Y,both_p10,0.010127,0.7645,,0.021714
NGC7793,baryon-dom,combined,0.095261,36,Y,both_m10,-0.007028,0.7645,,0.021714
NGC7793,baryon-dom,combined,0.095261,36,Y,both_p20,0.021714,0.7645,,0.021714
NGC7793,baryon-dom,combined,0.095261,36,Y,both_m20,-0.008513,0.7645,,0.021714
NGC2998,baryon-dom,g_dag,0.113524,8,Y,gdag_p10,-0.000918,0.8517,,0.020703
NGC2998,baryon-dom,g_dag,0.113524,8,Y,gdag_m10,0.001241,0.8517,,0.020703
NGC2998,baryon-dom,g_dag,0.113524,8,Y,gdag_p20,-0.001559,0.8517,,0.020703
NGC2998,baryon-dom,g_dag,0.113524,8,Y,gdag_m20,0.002862,0.8517,,0.020703
NGC2998,baryon-dom,Ydisk,0.113524,8,Y,Ydisk_p10,-0.003314,0.8517,,0.020703
NGC2998,baryon-dom,Ydisk,0.113524,8,Y,Ydisk_m10,0.005783,0.8517,,0.020703
NGC2998,baryon-dom,Ydisk,0.113524,8,Y,Ydisk_p20,-0.004529,0.8517,,0.020703
NGC2998,baryon-dom,Ydisk,0.113524,8,Y,Ydisk_m20,0.014409,0.8517,,0.020703
NGC2998,baryon-dom,combined,0.113524,8,Y,both_p10,-0.003488,0.8517,,0.020703
NGC2998,baryon-dom,combined,0.113524,8,Y,both_m10,0.007858,0.8517,,0.020703
NGC2998,baryon-dom,combined,0.113524,8,Y,both_p20,-0.003362,0.8517,,0.020703
NGC2998,baryon-dom,combined,0.113524,8,Y,both_m20,0.020703,0.8517,,0.020703
NGC0024,baryon-dom,g_dag,0.056158,25,Y,gdag_p10,-0.001859,0.7369,,0.028555
NGC0024,baryon-dom,g_dag,0.056158,25,Y,gdag_m10,0.002849,0.7369,,0.028555
NGC0024,baryon-dom,g_dag,0.056158,25,Y,gdag_p20,-0.002847,0.7369,,0.028555
NGC0024,baryon-dom,g_dag,0.056158,25,Y,gdag_m20,0.006805,0.7369,,0.028555
NGC0024,baryon-dom,Ydisk,0.056158,25,Y,Ydisk_p10,-0.003066,0.7369,,0.028555
NGC0024,baryon-dom,Ydisk,0.056158,25,Y,Ydisk_m10,0.006578,0.7369,,0.028555
NGC0024,baryon-dom,Ydisk,0.056158,25,Y,Ydisk_p20,-0.002918,0.7369,,0.028555
NGC0024,baryon-dom,Ydisk,0.056158,25,Y,Ydisk_m20,0.016642,0.7369,,0.028555
NGC0024,baryon-dom,combined,0.056158,25,Y,both_p10,-0.003247,0.7369,,0.028555
NGC0024,baryon-dom,combined,0.056158,25,Y,both_m10,0.010909,0.7369,,0.028555
NGC0024,baryon-dom,combined,0.056158,25,Y,both_p20,0.00037,0.7369,,0.028555
NGC0024,baryon-dom,combined,0.056158,25,Y,both_m20,0.028555,0.7369,,0.028555
IC2574,baryon-dom,g_dag,0.040569,15,Y,gdag_p10,0.006177,0.2796,,0.022267
IC2574,baryon-dom,g_dag,0.040569,15,Y,gdag_m10,-0.004779,0.2796,,0.022267
IC2574,baryon-dom,g_dag,0.040569,15,Y,gdag_p20,0.012836,0.2796,,0.022267
IC2574,baryon-dom,g_dag,0.040569,15,Y,gdag_m20,-0.006528,0.2796,,0.022267
IC2574,baryon-dom,Ydisk,0.040569,15,Y,Ydisk_p10,0.004015,0.2796,,0.022267
IC2574,baryon-dom,Ydisk,0.040569,15,Y,Ydisk_m10,-0.003799,0.2796,,0.022267
IC2574,baryon-dom,Ydisk,0.040569,15,Y,Ydisk_p20,0.008083,0.2796,,0.022267
IC2574,baryon-dom,Ydisk,0.040569,15,Y,Ydisk_m20,-0.007083,0.2796,,0.022267
IC2574,baryon-dom,combined,0.040569,15,Y,both_p10,0.010695,0.2796,,0.022267
IC2574,baryon-dom,combined,0.040569,15,Y,both_m10,-0.00731,0.2796,,0.022267
IC2574,baryon-dom,combined,0.040569,15,Y,both_p20,0.022267,0.2796,,0.022267
IC2574,baryon-dom,combined,0.040569,15,Y,both_m20,-0.006552,0.2796,,0.022267
NGC3893,baryon-dom,g_dag,0.024285,5,Y,gdag_p10,-0.004158,0.8035,,0.040198
NGC3893,baryon-dom,g_dag,0.024285,5,Y,gdag_m10,0.005187,0.8035,,0.040198
NGC3893,baryon-dom,g_dag,0.024285,5,Y,gdag_p20,-0.007034,0.8035,,0.040198
NGC3893,baryon-dom,g_dag,0.024285,5,Y,gdag_m20,0.011265,0.8035,,0.040198
NGC3893,baryon-dom,Ydisk,0.024285,5,Y,Ydisk_p10,-0.004572,0.8035,,0.040198
NGC3893,baryon-dom,Ydisk,0.024285,5,Y,Ydisk_m10,0.01133,0.8035,,0.040198
NGC3893,baryon-dom,Ydisk,0.024285,5,Y,Ydisk_p20,-0.000535,0.8035,,0.040198
NGC3893,baryon-dom,Ydisk,0.024285,5,Y,Ydisk_m20,0.026351,0.8035,,0.040198
NGC3893,baryon-dom,combined,0.024285,5,Y,both_p10,-0.005223,0.8035,,0.040198
NGC3893,baryon-dom,combined,0.024285,5,Y,both_m10,0.017533,0.8035,,0.040198
NGC3893,baryon-dom,combined,0.024285,5,Y,both_p20,0.004806,0.8035,,0.040198
NGC3893,baryon-dom,combined,0.024285,5,Y,both_m20,0.040198,0.8035,,0.040198
DDO161,baryon-dom,g_dag,0.151803,16,Y,gdag_p10,0.00917,0.4468,,0.027822
DDO161,baryon-dom,g_dag,0.151803,16,Y,gdag_m10,-0.010065,0.4468,,0.027822
DDO161,baryon-dom,g_dag,0.151803,16,Y,gdag_p20,0.017592,0.4468,,0.027822
DDO161,baryon-dom,g_dag,0.151803,16,Y,gdag_m20,-0.021221,0.4468,,0.027822
DDO161,baryon-dom,Ydisk,0.151803,16,Y,Ydisk_p10,0.003132,0.4468,,0.027822
DDO161,baryon-dom,Ydisk,0.151803,16,Y,Ydisk_m10,-0.003217,0.4468,,0.027822
DDO161,baryon-dom,Ydisk,0.151803,16,Y,Ydisk_p20,0.006183,0.4468,,0.027822
DDO161,baryon-dom,Ydisk,0.151803,16,Y,Ydisk_m20,-0.006523,0.4468,,0.027822
DDO161,baryon-dom,combined,0.151803,16,Y,both_p10,0.012285,0.4468,,0.027822
DDO161,baryon-dom,combined,0.151803,16,Y,both_m10,-0.0133,0.4468,,0.027822
DDO161,baryon-dom,combined,0.151803,16,Y,both_p20,0.023714,0.4468,,0.027822
DDO161,baryon-dom,combined,0.151803,16,Y,both_m20,-0.027822,0.4468,,0.027822
NGC3769,baryon-dom,g_dag,0.036009,9,Y,gdag_p10,0.006318,0.5783,,0.031712
NGC3769,baryon-dom,g_dag,0.036009,9,Y,gdag_m10,-0.005829,0.5783,,0.031712
NGC3769,baryon-dom,g_dag,0.036009,9,Y,gdag_p20,0.012654,0.5783,,0.031712
NGC3769,baryon-dom,g_dag,0.036009,9,Y,gdag_m20,-0.010066,0.5783,,0.031712
NGC3769,baryon-dom,Ydisk,0.036009,9,Y,Ydisk_p10,0.009364,0.5783,,0.031712
NGC3769,baryon-dom,Ydisk,0.036009,9,Y,Ydisk_m10,-0.009255,0.5783,,0.031712
NGC3769,baryon-dom,Ydisk,0.036009,9,Y,Ydisk_p20,0.018428,0.5783,,0.031712
NGC3769,baryon-dom,Ydisk,0.036009,9,Y,Ydisk_m20,-0.016814,0.5783,,0.031712
NGC3769,baryon-dom,combined,0.036009,9,Y,both_p10,0.015994,0.5783,,0.031712
NGC3769,baryon-dom,combined,0.036009,9,Y,both_m10,-0.013338,0.5783,,0.031712
NGC3769,baryon-dom,combined,0.036009,9,Y,both_p20,0.031712,0.5783,,0.031712
NGC3769,baryon-dom,combined,0.036009,9,Y,both_m20,-0.012156,0.5783,,0.031712
NGC3726,baryon-dom,g_dag,0.073806,8,Y,gdag_p10,0.007092,0.6973,,0.040333
NGC3726,baryon-dom,g_dag,0.073806,8,Y,gdag_m10,-0.007625,0.6973,,0.040333
NGC3726,baryon-dom,g_dag,0.073806,8,Y,gdag_p20,0.013713,0.6973,,0.040333
NGC3726,baryon-dom,g_dag,0.073806,8,Y,gdag_m20,-0.015846,0.6973,,0.040333
NGC3726,baryon-dom,Ydisk,0.073806,8,Y,Ydisk_p10,0.01198,0.6973,,0.040333
NGC3726,baryon-dom,Ydisk,0.073806,8,Y,Ydisk_m10,-0.012722,0.6973,,0.040333
NGC3726,baryon-dom,Ydisk,0.073806,8,Y,Ydisk_p20,0.023225,0.6973,,0.040333
NGC3726,baryon-dom,Ydisk,0.073806,8,Y,Ydisk_m20,-0.026,0.6973,,0.040333
NGC3726,baryon-dom,combined,0.073806,8,Y,both_p10,0.019033,0.6973,,0.040333
NGC3726,baryon-dom,combined,0.073806,8,Y,both_m10,-0.020261,0.6973,,0.040333
NGC3726,baryon-dom,combined,0.073806,8,Y,both_p20,0.03672,0.6973,,0.040333
NGC3726,baryon-dom,combined,0.073806,8,Y,both_m20,-0.040333,0.6973,,0.040333
NGC1003,baryon-dom,g_dag,0.031389,17,Y,gdag_p10,0.006454,0.4967,,0.028505
NGC1003,baryon-dom,g_dag,0.031389,17,Y,gdag_m10,-0.005368,0.4967,,0.028505
NGC1003,baryon-dom,g_dag,0.031389,17,Y,gdag_p20,0.013134,0.4967,,0.028505
NGC1003,baryon-dom,g_dag,0.031389,17,Y,gdag_m20,-0.007771,0.4967,,0.028505
NGC1003,baryon-dom,Ydisk,0.031389,17,Y,Ydisk_p10,0.006861,0.4967,,0.028505
NGC1003,baryon-dom,Ydisk,0.031389,17,Y,Ydisk_m10,-0.005884,0.4967,,0.028505
NGC1003,baryon-dom,Ydisk,0.031389,17,Y,Ydisk_p20,0.013932,0.4967,,0.028505
NGC1003,baryon-dom,Ydisk,0.031389,17,Y,Ydisk_m20,-0.009041,0.4967,,0.028505
NGC1003,baryon-dom,combined,0.031389,17,Y,both_p10,0.013952,0.4967,,0.028505
NGC1003,baryon-dom,combined,0.031389,17,Y,both_m10,-0.008615,0.4967,,0.028505
NGC1003,baryon-dom,combined,0.031389,17,Y,both_p20,0.028505,0.4967,,0.028505
NGC1003,baryon-dom,combined,0.031389,17,Y,both_m20,-0.00211,0.4967,,0.028505
NGC3198,baryon-dom,g_dag,0.120949,31,Y,gdag_p10,0.004925,0.742,,0.032124
NGC3198,baryon-dom,g_dag,0.120949,31,Y,gdag_m10,-0.005063,0.742,,0.032124
NGC3198,baryon-dom,g_dag,0.120949,31,Y,gdag_p20,0.009692,0.742,,0.032124
NGC3198,baryon-dom,g_dag,0.120949,31,Y,gdag_m20,-0.010219,0.742,,0.032124
NGC3198,baryon-dom,Ydisk,0.120949,31,Y,Ydisk_p10,0.01127,0.742,,0.032124
NGC3198,baryon-dom,Ydisk,0.120949,31,Y,Ydisk_m10,-0.011676,0.742,,0.032124
NGC3198,baryon-dom,Ydisk,0.120949,31,Y,Ydisk_p20,0.02205,0.742,,0.032124
NGC3198,baryon-dom,Ydisk,0.120949,31,Y,Ydisk_m20,-0.023515,0.742,,0.032124
NGC3198,baryon-dom,combined,0.120949,31,Y,both_p10,0.016342,0.742,,0.032124
NGC3198,baryon-dom,combined,0.120949,31,Y,both_m10,-0.016389,0.742,,0.032124
NGC3198,baryon-dom,combined,0.120949,31,Y,both_p20,0.032124,0.742,,0.032124
NGC3198,baryon-dom,combined,0.120949,31,Y,both_m20,-0.031501,0.742,,0.032124
NGC5033,baryon-dom,g_dag,0.059777,12,Y,gdag_p10,0.004386,0.8172,,0.031573
NGC5033,baryon-dom,g_dag,0.059777,12,Y,gdag_m10,-0.004402,0.8172,,0.031573
NGC5033,baryon-dom,g_dag,0.059777,12,Y,gdag_p20,0.00869,0.8172,,0.031573
NGC5033,baryon-dom,g_dag,0.059777,12,Y,gdag_m20,-0.008695,0.8172,,0.031573
NGC5033,baryon-dom,Ydisk,0.059777,12,Y,Ydisk_p10,0.01179,0.8172,,0.031573
NGC5033,baryon-dom,Ydisk,0.059777,12,Y,Ydisk_m10,-0.012394,0.8172,,0.031573
NGC5033,baryon-dom,Ydisk,0.059777,12,Y,Ydisk_p20,0.022945,0.8172,,0.031573
NGC5033,baryon-dom,Ydisk,0.059777,12,Y,Ydisk_m20,-0.025108,0.8172,,0.031573
NGC5033,baryon-dom,combined,0.059777,12,Y,both_p10,0.0162,0.8172,,0.031573
NGC5033,baryon-dom,combined,0.059777,12,Y,both_m10,-0.016511,0.8172,,0.031573
NGC5033,baryon-dom,combined,0.059777,12,Y,both_p20,0.031573,0.8172,,0.031573
NGC5033,baryon-dom,combined,0.059777,12,Y,both_m20,-0.030732,0.8172,,0.031573
NGC3953,baryon-dom,g_dag,0.002718,3,Y,gdag_p10,0.001776,0.8372,,0.047244
NGC3953,baryon-dom,g_dag,0.002718,3,Y,gdag_m10,0.004867,0.8372,,0.047244
NGC3953,baryon-dom,g_dag,0.002718,3,Y,gdag_p20,0.006516,0.8372,,0.047244
NGC3953,baryon-dom,g_dag,0.002718,3,Y,gdag_m20,0.010855,0.8372,,0.047244
NGC3953,baryon-dom,Ydisk,0.002718,3,Y,Ydisk_p10,0.011547,0.8372,,0.047244
NGC3953,baryon-dom,Ydisk,0.002718,3,Y,Ydisk_m10,0.0158,0.8372,,0.047244
NGC3953,baryon-dom,Ydisk,0.002718,3,Y,Ydisk_p20,0.025781,0.8372,,0.047244
NGC3953,baryon-dom,Ydisk,0.002718,3,Y,Ydisk_m20,0.034402,0.8372,,0.047244
NGC3953,baryon-dom,combined,0.002718,3,Y,both_p10,0.01666,0.8372,,0.047244
NGC3953,baryon-dom,combined,0.002718,3,Y,both_m10,0.021723,0.8372,,0.047244
NGC3953,baryon-dom,combined,0.002718,3,Y,both_p20,0.035487,0.8372,,0.047244
NGC3953,baryon-dom,combined,0.002718,3,Y,both_m20,0.047244,0.8372,,0.047244
NGC3521,baryon-dom,g_dag,0.024266,37,Y,gdag_p10,-0.002783,0.8974,,0.045619
NGC3521,baryon-dom,g_dag,0.024266,37,Y,gdag_m10,0.003333,0.8974,,0.045619
NGC3521,baryon-dom,g_dag,0.024266,37,Y,gdag_p20,-0.004942,0.8974,,0.045619
NGC3521,baryon-dom,g_dag,0.024266,37,Y,gdag_m20,0.007162,0.8974,,0.045619
NGC3521,baryon-dom,Ydisk,0.024266,37,Y,Ydisk_p10,-0.011334,0.8974,,0.045619
NGC3521,baryon-dom,Ydisk,0.024266,37,Y,Ydisk_m10,0.016857,0.8974,,0.045619
NGC3521,baryon-dom,Ydisk,0.024266,37,Y,Ydisk_p20,-0.007623,0.8974,,0.045619
NGC3521,baryon-dom,Ydisk,0.024266,37,Y,Ydisk_m20,0.036421,0.8974,,0.045619
NGC3521,baryon-dom,combined,0.024266,37,Y,both_p10,-0.011095,0.8974,,0.045619
NGC3521,baryon-dom,combined,0.024266,37,Y,both_m10,0.020868,0.8974,,0.045619
NGC3521,baryon-dom,combined,0.024266,37,Y,both_p20,-0.001089,0.8974,,0.045619
NGC3521,baryon-dom,combined,0.024266,37,Y,both_m20,0.045619,0.8974,,0.045619
NGC3992,baryon-dom,g_dag,0.02285,4,Y,gdag_p10,0.004418,0.7661,,0.032118
NGC3992,baryon-dom,g_dag,0.02285,4,Y,gdag_m10,-0.003383,0.7661,,0.032118
NGC3992,baryon-dom,g_dag,0.02285,4,Y,gdag_p20,0.009196,0.7661,,0.032118
NGC3992,baryon-dom,g_dag,0.02285,4,Y,gdag_m20,-0.004525,0.7661,,0.032118
NGC3992,baryon-dom,Ydisk,0.02285,4,Y,Ydisk_p10,0.009551,0.7661,,0.032118
NGC3992,baryon-dom,Ydisk,0.02285,4,Y,Ydisk_m10,-0.002866,0.7661,,0.032118
NGC3992,baryon-dom,Ydisk,0.02285,4,Y,Ydisk_p20,0.020625,0.7661,,0.032118
NGC3992,baryon-dom,Ydisk,0.02285,4,Y,Ydisk_m20,0.005645,0.7661,,0.032118
NGC3992,baryon-dom,combined,0.02285,4,Y,both_p10,0.015166,0.7661,,0.032118
NGC3992,baryon-dom,combined,0.02285,4,Y,both_m10,-0.001025,0.7661,,0.032118
NGC3992,baryon-dom,combined,0.02285,4,Y,both_p20,0.032118,0.7661,,0.032118
NGC3992,baryon-dom,combined,0.02285,4,Y,both_m20,0.01755,0.7661,,0.032118
UGC03580,balanced,g_dag,0.09707,39,Y,gdag_p10,-0.002951,0.67,,0.01677
UGC03580,balanced,g_dag,0.09707,39,Y,gdag_m10,0.003775,0.67,,0.01677
UGC03580,balanced,g_dag,0.09707,39,Y,gdag_p20,-0.005196,0.67,,0.01677
UGC03580,balanced,g_dag,0.09707,39,Y,gdag_m20,0.008523,0.67,,0.01677
UGC03580,balanced,Ydisk,0.09707,39,Y,Ydisk_p10,-0.001641,0.67,,0.01677
UGC03580,balanced,Ydisk,0.09707,39,Y,Ydisk_m10,0.002429,0.67,,0.01677
UGC03580,balanced,Ydisk,0.09707,39,Y,Ydisk_p20,-0.00259,0.67,,0.01677
UGC03580,balanced,Ydisk,0.09707,39,Y,Ydisk_m20,0.005752,0.67,,0.01677
UGC03580,balanced,combined,0.09707,39,Y,both_p10,-0.003974,0.67,,0.01677
UGC03580,balanced,combined,0.09707,39,Y,both_m10,0.006834,0.67,,0.01677
UGC03580,balanced,combined,0.09707,39,Y,both_p20,-0.005405,0.67,,0.01677
UGC03580,balanced,combined,0.09707,39,Y,both_m20,0.01677,0.67,,0.01677
UGC06983,balanced,g_dag,0.045081,7,Y,gdag_p10,0.001303,0.5815,,0.017247
UGC06983,balanced,g_dag,0.045081,7,Y,gdag_m10,0.000301,0.5815,,0.017247
UGC06983,balanced,g_dag,0.045081,7,Y,gdag_p20,0.00374,0.5815,,0.017247
UGC06983,balanced,g_dag,0.045081,7,Y,gdag_m20,0.00267,0.5815,,0.017247
UGC06983,balanced,Ydisk,0.045081,7,Y,Ydisk_p10,0.003161,0.5815,,0.017247
UGC06983,balanced,Ydisk,0.045081,7,Y,Ydisk_m10,-1.6e-05,0.5815,,0.017247
UGC06983,balanced,Ydisk,0.045081,7,Y,Ydisk_p20,0.008296,0.5815,,0.017247
UGC06983,balanced,Ydisk,0.045081,7,Y,Ydisk_m20,0.004076,0.5815,,0.017247
UGC06983,balanced,combined,0.045081,7,Y,both_p10,0.006249,0.5815,,0.017247
UGC06983,balanced,combined,0.045081,7,Y,both_m10,0.002786,0.5815,,0.017247
UGC06983,balanced,combined,0.045081,7,Y,both_p20,0.017247,0.5815,,0.017247
UGC06983,balanced,combined,0.045081,7,Y,both_m20,0.015895,0.5815,,0.017247
NGC5055,balanced,g_dag,0.072196,18,Y,gdag_p10,0.005146,0.8552,,0.046882
NGC5055,balanced,g_dag,0.072196,18,Y,gdag_m10,-0.005408,0.8552,,0.046882
NGC5055,balanced,g_dag,0.072196,18,Y,gdag_p20,0.010038,0.8552,,0.046882
NGC5055,balanced,g_dag,0.072196,18,Y,gdag_m20,-0.011074,0.8552,,0.046882
NGC5055,balanced,Ydisk,0.072196,18,Y,Ydisk_p10,0.015323,0.8552,,0.046882
NGC5055,balanced,Ydisk,0.072196,18,Y,Ydisk_m10,-0.016642,0.8552,,0.046882
NGC5055,balanced,Ydisk,0.072196,18,Y,Ydisk_p20,0.02951,0.8552,,0.046882
NGC5055,balanced,Ydisk,0.072196,18,Y,Ydisk_m20,-0.034759,0.8552,,0.046882
NGC5055,balanced,combined,0.072196,18,Y,both_p10,0.020267,0.8552,,0.046882
NGC5055,balanced,combined,0.072196,18,Y,both_m10,-0.0223,0.8552,,0.046882
NGC5055,balanced,combined,0.072196,18,Y,both_p20,0.038817,0.8552,,0.046882
NGC5055,balanced,combined,0.072196,18,Y,both_m20,-0.046882,0.8552,,0.046882
UGC07608,balanced,g_dag,0.099929,4,Y,gdag_p10,-0.001507,0.398,,0.011778
UGC07608,balanced,g_dag,0.099929,4,Y,gdag_m10,0.002652,0.398,,0.011778
UGC07608,balanced,g_dag,0.099929,4,Y,gdag_p20,-0.002097,0.398,,0.011778
UGC07608,balanced,g_dag,0.099929,4,Y,gdag_m20,0.006731,0.398,,0.011778
UGC07608,balanced,Ydisk,0.099929,4,Y,Ydisk_p10,-0.00038,0.398,,0.011778
UGC07608,balanced,Ydisk,0.099929,4,Y,Ydisk_m10,0.000846,0.398,,0.011778
UGC07608,balanced,Ydisk,0.099929,4,Y,Ydisk_p20,-0.00036,0.398,,0.011778
UGC07608,balanced,Ydisk,0.099929,4,Y,Ydisk_m20,0.002234,0.398,,0.011778
UGC07608,balanced,combined,0.099929,4,Y,both_p10,-0.001255,0.398,,0.011778
UGC07608,balanced,combined,0.099929,4,Y,both_m10,0.004191,0.398,,0.011778
UGC07608,balanced,combined,0.099929,4,Y,both_p20,-0.000104,0.398,,0.011778
UGC07608,balanced,combined,0.099929,4,Y,both_m20,0.011778,0.398,,0.011778
UGC02259,balanced,g_dag,0.06141,3,Y,gdag_p10,-0.006812,0.5923,,0.042701
UGC02259,balanced,g_dag,0.06141,3,Y,gdag_m10,0.007813,0.5923,,0.042701
UGC02259,balanced,g_dag,0.06141,3,Y,gdag_p20,-0.012685,0.5923,,0.042701
UGC02259,balanced,g_dag,0.06141,3,Y,gdag_m20,0.016741,0.5923,,0.042701
UGC02259,balanced,Ydisk,0.06141,3,Y,Ydisk_p10,-0.009783,0.5923,,0.042701
UGC02259,balanced,Ydisk,0.06141,3,Y,Ydisk_m10,0.011392,0.5923,,0.042701
UGC02259,balanced,Ydisk,0.06141,3,Y,Ydisk_p20,-0.017882,0.5923,,0.042701
UGC02259,balanced,Ydisk,0.06141,3,Y,Ydisk_m20,0.024464,0.5923,,0.042701
UGC02259,balanced,combined,0.06141,3,Y,both_p10,-0.015835,0.5923,,0.042701
UGC02259,balanced,combined,0.06141,3,Y,both_m10,0.01965,0.5923,,0.042701
UGC02259,balanced,combined,0.06141,3,Y,both_p20,-0.026307,0.5923,,0.042701
UGC02259,balanced,combined,0.06141,3,Y,both_m20,0.042701,0.5923,,0.042701
NGC4100,balanced,g_dag,0.037689,11,Y,gdag_p10,0.005314,0.8037,,0.036107
NGC4100,balanced,g_dag,0.037689,11,Y,gdag_m10,-0.00536,0.8037,,0.036107
NGC4100,balanced,g_dag,0.037689,11,Y,gdag_p20,0.010474,0.8037,,0.036107
NGC4100,balanced,g_dag,0.037689,11,Y,gdag_m20,-0.010504,0.8037,,0.036107
NGC4100,balanced,Ydisk,0.037689,11,Y,Ydisk_p10,0.012824,0.8037,,0.036107
NGC4100,balanced,Ydisk,0.037689,11,Y,Ydisk_m10,-0.011897,0.8037,,0.036107
NGC4100,balanced,Ydisk,0.037689,11,Y,Ydisk_p20,0.025318,0.8037,,0.036107
NGC4100,balanced,Ydisk,0.037689,11,Y,Ydisk_m20,-0.017404,0.8037,,0.036107
NGC4100,balanced,combined,0.037689,11,Y,both_p10,0.018355,0.8037,,0.036107
NGC4100,balanced,combined,0.037689,11,Y,both_m10,-0.015456,0.8037,,0.036107
NGC4100,balanced,combined,0.037689,11,Y,both_p20,0.036107,0.8037,,0.036107
NGC4100,balanced,combined,0.037689,11,Y,both_m20,-0.011857,0.8037,,0.036107
KK98-251,balanced,g_dag,0.242037,8,Y,gdag_p10,0.009464,0.3789,,0.029684
KK98-251,balanced,g_dag,0.242037,8,Y,gdag_m10,-0.01041,0.3789,,0.029684
KK98-251,balanced,g_dag,0.242037,8,Y,gdag_p20,0.018141,0.3789,,0.029684
KK98-251,balanced,g_dag,0.242037,8,Y,gdag_m20,-0.021979,0.3789,,0.029684
KK98-251,balanced,Ydisk,0.242037,8,Y,Ydisk_p10,0.003626,0.3789,,0.029684
KK98-251,balanced,Ydisk,0.242037,8,Y,Ydisk_m10,-0.003753,0.3789,,0.029684
KK98-251,balanced,Ydisk,0.242037,8,Y,Ydisk_p20,0.007135,0.3789,,0.029684
KK98-251,balanced,Ydisk,0.242037,8,Y,Ydisk_m20,-0.007642,0.3789,,0.029684
KK98-251,balanced,combined,0.242037,8,Y,both_p10,0.013078,0.3789,,0.029684
KK98-251,balanced,combined,0.242037,8,Y,both_m10,-0.014177,0.3789,,0.029684
KK98-251,balanced,combined,0.242037,8,Y,both_p20,0.025232,0.3789,,0.029684
KK98-251,balanced,combined,0.242037,8,Y,both_m20,-0.029684,0.3789,,0.029684
UGC05716,balanced,g_dag,0.066594,5,Y,gdag_p10,0.008676,0.5207,,0.043064
UGC05716,balanced,g_dag,0.066594,5,Y,gdag_m10,-0.009467,0.5207,,0.043064
UGC05716,balanced,g_dag,0.066594,5,Y,gdag_p20,0.016677,0.5207,,0.043064
UGC05716,balanced,g_dag,0.066594,5,Y,gdag_m20,-0.019861,0.5207,,0.043064
UGC05716,balanced,Ydisk,0.066594,5,Y,Ydisk_p10,0.010435,0.5207,,0.043064
UGC05716,balanced,Ydisk,0.066594,5,Y,Ydisk_m10,-0.011278,0.5207,,0.043064
UGC05716,balanced,Ydisk,0.066594,5,Y,Ydisk_p20,0.020135,0.5207,,0.043064
UGC05716,balanced,Ydisk,0.066594,5,Y,Ydisk_m20,-0.023499,0.5207,,0.043064
UGC05716,balanced,combined,0.066594,5,Y,both_p10,0.01906,0.5207,,0.043064
UGC05716,balanced,combined,0.066594,5,Y,both_m10,-0.020771,0.5207,,0.043064
UGC05716,balanced,combined,0.066594,5,Y,both_p20,0.03661,0.5207,,0.043064
UGC05716,balanced,combined,0.066594,5,Y,both_m20,-0.043064,0.5207,,0.043064
F571-8,balanced,g_dag,0.164784,10,Y,gdag_p10,-0.004434,0.5157,,0.025908
F571-8,balanced,g_dag,0.164784,10,Y,gdag_m10,0.005275,0.5157,,0.025908
F571-8,balanced,g_dag,0.164784,10,Y,gdag_p20,-0.008168,0.5157,,0.025908
F571-8,balanced,g_dag,0.164784,10,Y,gdag_m20,0.011575,0.5157,,0.025908
F571-8,balanced,Ydisk,0.164784,10,Y,Ydisk_p10,-0.004253,0.5157,,0.025908
F571-8,balanced,Ydisk,0.164784,10,Y,Ydisk_m10,0.005386,0.5157,,0.025908
F571-8,balanced,Ydisk,0.164784,10,Y,Ydisk_p20,-0.007554,0.5157,,0.025908
F571-8,balanced,Ydisk,0.164784,10,Y,Ydisk_m20,0.012139,0.5157,,0.025908
F571-8,balanced,combined,0.164784,10,Y,both_p10,-0.008168,0.5157,,0.025908
F571-8,balanced,combined,0.164784,10,Y,both_m10,0.011202,0.5157,,0.025908
F571-8,balanced,combined,0.164784,10,Y,both_p20,-0.013702,0.5157,,0.025908
F571-8,balanced,combined,0.164784,10,Y,both_m20,0.025908,0.5157,,0.025908
NGC6503,balanced,g_dag,0.029415,15,Y,gdag_p10,-0.002932,0.6025,,0.035593
NGC6503,balanced,g_dag,0.029415,15,Y,gdag_m10,0.00503,0.6025,,0.035593
NGC6503,balanced,g_dag,0.029415,15,Y,gdag_p20,-0.003707,0.6025,,0.035593
NGC6503,balanced,g_dag,0.029415,15,Y,gdag_m20,0.011957,0.6025,,0.035593
NGC6503,balanced,Ydisk,0.029415,15,Y,Ydisk_p10,-0.003304,0.6025,,0.035593
NGC6503,balanced,Ydisk,0.029415,15,Y,Ydisk_m10,0.007925,0.6025,,0.035593
NGC6503,balanced,Ydisk,0.029415,15,Y,Ydisk_p20,-0.001658,0.6025,,0.035593
NGC6503,balanced,Ydisk,0.029415,15,Y,Ydisk_m20,0.019272,0.6025,,0.035593
NGC6503,balanced,combined,0.029415,15,Y,both_p10,-0.002992,0.6025,,0.035593
NGC6503,balanced,combined,0.029415,15,Y,both_m10,0.014618,0.6025,,0.035593
NGC6503,balanced,combined,0.029415,15,Y,both_p20,0.005539,0.6025,,0.035593
NGC6503,balanced,combined,0.029415,15,Y,both_m20,0.035593,0.6025,,0.035593
NGC2403,DM-dom,g_dag,0.023102,52,Y,gdag_p10,-0.002607,0.7195,,0.037009
NGC2403,DM-dom,g_dag,0.023102,52,Y,gdag_m10,0.004758,0.7195,,0.037009
NGC2403,DM-dom,g_dag,0.023102,52,Y,gdag_p20,-0.002884,0.7195,,0.037009
NGC2403,DM-dom,g_dag,0.023102,52,Y,gdag_m20,0.011297,0.7195,,0.037009
NGC2403,DM-dom,Ydisk,0.023102,52,Y,Ydisk_p10,-0.002087,0.7195,,0.037009
NGC2403,DM-dom,Ydisk,0.023102,52,Y,Ydisk_m10,0.008587,0.7195,,0.037009
NGC2403,DM-dom,Ydisk,0.023102,52,Y,Ydisk_p20,0.002325,0.7195,,0.037009
NGC2403,DM-dom,Ydisk,0.023102,52,Y,Ydisk_m20,0.021247,0.7195,,0.037009
NGC2403,DM-dom,combined,0.023102,52,Y,both_p10,-0.000656,0.7195,,0.037009
NGC2403,DM-dom,combined,0.023102,52,Y,both_m10,0.01519,0.7195,,0.037009
NGC2403,DM-dom,combined,0.023102,52,Y,both_p20,0.010937,0.7195,,0.037009
NGC2403,DM-dom,combined,0.023102,52,Y,both_m20,0.037009,0.7195,,0.037009
NGC2955,DM-dom,g_dag,0.027783,18,Y,gdag_p10,0.002551,0.879,,0.014398
NGC2955,DM-dom,g_dag,0.027783,18,Y,gdag_m10,-0.00202,0.879,,0.014398
NGC2955,DM-dom,g_dag,0.027783,18,Y,gdag_p20,0.005406,0.879,,0.014398
NGC2955,DM-dom,g_dag,0.027783,18,Y,gdag_m20,-0.00319,0.879,,0.014398
NGC2955,DM-dom,Ydisk,0.027783,18,Y,Ydisk_p10,0.003604,0.879,,0.014398
NGC2955,DM-dom,Ydisk,0.027783,18,Y,Ydisk_m10,-0.00276,0.879,,0.014398
NGC2955,DM-dom,Ydisk,0.027783,18,Y,Ydisk_p20,0.007693,0.879,,0.014398
NGC2955,DM-dom,Ydisk,0.027783,18,Y,Ydisk_m20,-0.004189,0.879,,0.014398
NGC2955,DM-dom,combined,0.027783,18,Y,both_p10,0.006637,0.879,,0.014398
NGC2955,DM-dom,combined,0.027783,18,Y,both_m10,-0.003743,0.879,,0.014398
NGC2955,DM-dom,combined,0.027783,18,Y,both_p20,0.014398,0.879,,0.014398
NGC2955,DM-dom,combined,0.027783,18,Y,both_m20,-0.002276,0.879,,0.014398
UGC07261,baryon-dom,g_dag,0.049181,3,Y,gdag_p10,-0.00329,0.5596,,0.033243
UGC07261,baryon-dom,g_dag,0.049181,3,Y,gdag_m10,0.004912,0.5596,,0.033243
UGC07261,baryon-dom,g_dag,0.049181,3,Y,gdag_p20,-0.005075,0.5596,,0.033243
UGC07261,baryon-dom,g_dag,0.049181,3,Y,gdag_m20,0.011536,0.5596,,0.033243
UGC07261,baryon-dom,Ydisk,0.049181,3,Y,Ydisk_p10,-0.003909,0.5596,,0.033243
UGC07261,baryon-dom,Ydisk,0.049181,3,Y,Ydisk_m10,0.007004,0.5596,,0.033243
UGC07261,baryon-dom,Ydisk,0.049181,3,Y,Ydisk_p20,-0.004833,0.5596,,0.033243
UGC07261,baryon-dom,Ydisk,0.049181,3,Y,Ydisk_m20,0.017,0.5596,,0.033243
UGC07261,baryon-dom,combined,0.049181,3,Y,both_p10,-0.005125,0.5596,,0.033243
UGC07261,baryon-dom,combined,0.049181,3,Y,both_m10,0.013408,0.5596,,0.033243
UGC07261,baryon-dom,combined,0.049181,3,Y,both_p20,-0.001902,0.5596,,0.033243
UGC07261,baryon-dom,combined,0.049181,3,Y,both_m20,0.033243,0.5596,,0.033243
UGC11557,baryon-dom,g_dag,0.386134,7,Y,gdag_p10,0.006868,0.6114,,0.039253
UGC11557,baryon-dom,g_dag,0.386134,7,Y,gdag_m10,-0.00744,0.6114,,0.039253
UGC11557,baryon-dom,g_dag,0.386134,7,Y,gdag_p20,0.013249,0.6114,,0.039253
UGC11557,baryon-dom,g_dag,0.386134,7,Y,gdag_m20,-0.015561,0.6114,,0.039253
UGC11557,baryon-dom,Ydisk,0.386134,7,Y,Ydisk_p10,0.010515,0.6114,,0.039253
UGC11557,baryon-dom,Ydisk,0.386134,7,Y,Ydisk_m10,-0.011381,0.6114,,0.039253
UGC11557,baryon-dom,Ydisk,0.386134,7,Y,Ydisk_p20,0.020293,0.6114,,0.039253
UGC11557,baryon-dom,Ydisk,0.386134,7,Y,Ydisk_m20,-0.023793,0.6114,,0.039253
UGC11557,baryon-dom,combined,0.386134,7,Y,both_p10,0.017379,0.6114,,0.039253
UGC11557,baryon-dom,combined,0.386134,7,Y,both_m10,-0.018809,0.6114,,0.039253
UGC11557,baryon-dom,combined,0.386134,7,Y,both_p20,0.033509,0.6114,,0.039253
UGC11557,baryon-dom,combined,0.386134,7,Y,both_m20,-0.039253,0.6114,,0.039253
UGC09037,baryon-dom,g_dag,0.054519,10,Y,gdag_p10,0.004234,0.6071,,0.024713
UGC09037,baryon-dom,g_dag,0.054519,10,Y,gdag_m10,-0.003506,0.6071,,0.024713
UGC09037,baryon-dom,g_dag,0.054519,10,Y,gdag_p20,0.008836,0.6071,,0.024713
UGC09037,baryon-dom,g_dag,0.054519,10,Y,gdag_m20,-0.00573,0.6071,,0.024713
UGC09037,baryon-dom,Ydisk,0.054519,10,Y,Ydisk_p10,0.006667,0.6071,,0.024713
UGC09037,baryon-dom,Ydisk,0.054519,10,Y,Ydisk_m10,-0.005717,0.6071,,0.024713
UGC09037,baryon-dom,Ydisk,0.054519,10,Y,Ydisk_p20,0.013721,0.6071,,0.024713
UGC09037,baryon-dom,Ydisk,0.054519,10,Y,Ydisk_m20,-0.009519,0.6071,,0.024713
UGC09037,baryon-dom,combined,0.054519,10,Y,both_p10,0.011677,0.6071,,0.024713
UGC09037,baryon-dom,combined,0.054519,10,Y,both_m10,-0.007555,0.6071,,0.024713
UGC09037,baryon-dom,combined,0.054519,10,Y,both_p20,0.024713,0.6071,,0.024713
UGC09037,baryon-dom,combined,0.054519,10,Y,both_m20,-0.006531,0.6071,,0.024713
NGC4085,baryon-dom,g_dag,0.139787,3,Y,gdag_p10,0.004734,0.7865,,0.031873
NGC4085,baryon-dom,g_dag,0.139787,3,Y,gdag_m10,-0.004937,0.7865,,0.031873
NGC4085,baryon-dom,g_dag,0.139787,3,Y,gdag_p20,0.00927,0.7865,,0.031873
NGC4085,baryon-dom,g_dag,0.139787,3,Y,gdag_m20,-0.010079,0.7865,,0.031873
NGC4085,baryon-dom,Ydisk,0.139787,3,Y,Ydisk_p10,0.011319,0.7865,,0.031873
NGC4085,baryon-dom,Ydisk,0.139787,3,Y,Ydisk_m10,-0.011666,0.7865,,0.031873
NGC4085,baryon-dom,Ydisk,0.139787,3,Y,Ydisk_p20,0.022197,0.7865,,0.031873
NGC4085,baryon-dom,Ydisk,0.139787,3,Y,Ydisk_m20,-0.023444,0.7865,,0.031873
NGC4085,baryon-dom,combined,0.139787,3,Y,both_p10,0.016159,0.7865,,0.031873
NGC4085,baryon-dom,combined,0.139787,3,Y,both_m10,-0.016342,0.7865,,0.031873
NGC4085,baryon-dom,combined,0.139787,3,Y,both_p20,0.031734,0.7865,,0.031873
NGC4085,baryon-dom,combined,0.139787,3,Y,both_m20,-0.031873,0.7865,,0.031873
UGC06628,baryon-dom,g_dag,0.172124,3,Y,gdag_p10,0.008801,0.5052,,0.045892
UGC06628,baryon-dom,g_dag,0.172124,3,Y,gdag_m10,-0.009641,0.5052,,0.045892
UGC06628,baryon-dom,g_dag,0.172124,3,Y,gdag_p20,0.016898,0.5052,,0.045892
UGC06628,baryon-dom,g_dag,0.172124,3,Y,gdag_m20,-0.020302,0.5052,,0.045892
UGC06628,baryon-dom,Ydisk,0.172124,3,Y,Ydisk_p10,0.011104,0.5052,,0.045892
UGC06628,baryon-dom,Ydisk,0.172124,3,Y,Ydisk_m10,-0.0121,0.5052,,0.045892
UGC06628,baryon-dom,Ydisk,0.172124,3,Y,Ydisk_p20,0.021365,0.5052,,0.045892
UGC06628,baryon-dom,Ydisk,0.172124,3,Y,Ydisk_m20,-0.025394,0.5052,,0.045892
UGC06628,baryon-dom,combined,0.172124,3,Y,both_p10,0.019855,0.5052,,0.045892
UGC06628,baryon-dom,combined,0.172124,3,Y,both_m10,-0.021793,0.5052,,0.045892
UGC06628,baryon-dom,combined,0.172124,3,Y,both_p20,0.038072,0.5052,,0.045892
UGC06628,baryon-dom,combined,0.172124,3,Y,both_m20,-0.045892,0.5052,,0.045892
NGC2976,baryon-dom,g_dag,0.110903,15,Y,gdag_p10,0.005149,0.6062,,0.026144
NGC2976,baryon-dom,g_dag,0.110903,15,Y,gdag_m10,-0.005188,0.6062,,0.026144
NGC2976,baryon-dom,g_dag,0.110903,15,Y,gdag_p20,0.010195,0.6062,,0.026144
NGC2976,baryon-dom,g_dag,0.110903,15,Y,gdag_m20,-0.010299,0.6062,,0.026144
NGC2976,baryon-dom,Ydisk,0.110903,15,Y,Ydisk_p10,0.007301,0.6062,,0.026144
NGC2976,baryon-dom,Ydisk,0.110903,15,Y,Ydisk_m10,-0.007036,0.6062,,0.026144
NGC2976,baryon-dom,Ydisk,0.110903,15,Y,Ydisk_p20,0.014645,0.6062,,0.026144
NGC2976,baryon-dom,Ydisk,0.110903,15,Y,Ydisk_m20,-0.013426,0.6062,,0.026144
NGC2976,baryon-dom,combined,0.110903,15,Y,both_p10,0.012874,0.6062,,0.026144
NGC2976,baryon-dom,combined,0.110903,15,Y,both_m10,-0.011467,0.6062,,0.026144
NGC2976,baryon-dom,combined,0.110903,15,Y,both_p20,0.026144,0.6062,,0.026144
NGC2976,baryon-dom,combined,0.110903,15,Y,both_m20,-0.019628,0.6062,,0.026144
UGC00731,balanced,g_dag,0.02287,6,Y,gdag_p10,-0.000993,0.4357,,0.032743
UGC00731,balanced,g_dag,0.02287,6,Y,gdag_m10,0.004913,0.4357,,0.032743
UGC00731,balanced,g_dag,0.02287,6,Y,gdag_p20,0.001425,0.4357,,0.032743
UGC00731,balanced,g_dag,0.02287,6,Y,gdag_m20,0.0131,0.4357,,0.032743
UGC00731,balanced,Ydisk,0.02287,6,Y,Ydisk_p10,-0.002492,0.4357,,0.032743
UGC00731,balanced,Ydisk,0.02287,6,Y,Ydisk_m10,0.006051,0.4357,,0.032743
UGC00731,balanced,Ydisk,0.02287,6,Y,Ydisk_p20,-0.001165,0.4357,,0.032743
UGC00731,balanced,Ydisk,0.02287,6,Y,Ydisk_m20,0.014718,0.4357,,0.032743
UGC00731,balanced,combined,0.02287,6,Y,both_p10,0.000356,0.4357,,0.032743
UGC00731,balanced,combined,0.02287,6,Y,both_m10,0.013037,0.4357,,0.032743
UGC00731,balanced,combined,0.02287,6,Y,both_p20,0.011154,0.4357,,0.032743
UGC00731,balanced,combined,0.02287,6,Y,both_m20,0.032743,0.4357,,0.032743
NGC4559,balanced,g_dag,0.073587,16,Y,gdag_p10,0.007509,0.6696,,0.044724
NGC4559,balanced,g_dag,0.073587,16,Y,gdag_m10,-0.008129,0.6696,,0.044724
NGC4559,balanced,g_dag,0.073587,16,Y,gdag_p20,0.014482,0.6696,,0.044724
NGC4559,balanced,g_dag,0.073587,16,Y,gdag_m20,-0.016979,0.6696,,0.044724
NGC4559,balanced,Ydisk,0.073587,16,Y,Ydisk_p10,0.012238,0.6696,,0.044724
NGC4559,balanced,Ydisk,0.073587,16,Y,Ydisk_m10,-0.013256,0.6696,,0.044724
NGC4559,balanced,Ydisk,0.073587,16,Y,Ydisk_p20,0.023595,0.6696,,0.044724
NGC4559,balanced,Ydisk,0.073587,16,Y,Ydisk_m20,-0.027668,0.6696,,0.044724
NGC4559,balanced,combined,0.073587,16,Y,both_p10,0.019648,0.6696,,0.044724
NGC4559,balanced,combined,0.073587,16,Y,both_m10,-0.021474,0.6696,,0.044724
NGC4559,balanced,combined,0.073587,16,Y,both_p20,0.037702,0.6696,,0.044724
NGC4559,balanced,combined,0.073587,16,Y,both_m20,-0.044724,0.6696,,0.044724
D564-8,balanced,g_dag,0.193877,3,Y,gdag_p10,0.009303,0.3392,,0.033628
D564-8,balanced,g_dag,0.193877,3,Y,gdag_m10,-0.010198,0.3392,,0.033628
D564-8,balanced,g_dag,0.193877,3,Y,gdag_p20,0.017854,0.3392,,0.033628
D564-8,balanced,g_dag,0.193877,3,Y,gdag_m20,-0.021477,0.3392,,0.033628
D564-8,balanced,Ydisk,0.193877,3,Y,Ydisk_p10,0.005646,0.3392,,0.033628
D564-8,balanced,Ydisk,0.193877,3,Y,Ydisk_m10,-0.005938,0.3392,,0.033628
D564-8,balanced,Ydisk,0.193877,3,Y,Ydisk_p20,0.011028,0.3392,,0.033628
D564-8,balanced,Ydisk,0.193877,3,Y,Ydisk_m20,-0.012201,0.3392,,0.033628
D564-8,balanced,combined,0.193877,3,Y,both_p10,0.014951,0.3392,,0.033628
D564-8,balanced,combined,0.193877,3,Y,both_m10,-0.016128,0.3392,,0.033628
D564-8,balanced,combined,0.193877,3,Y,both_p20,0.028886,0.3392,,0.033628
D564-8,balanced,combined,0.193877,3,Y,both_m20,-0.033628,0.3392,,0.033628
UGC07323,balanced,g_dag,0.069714,4,Y,gdag_p10,0.008663,0.5353,,0.046284
UGC07323,balanced,g_dag,0.069714,4,Y,gdag_m10,-0.009458,0.5353,,0.046284
UGC07323,balanced,g_dag,0.069714,4,Y,gdag_p20,0.016651,0.5353,,0.046284
UGC07323,balanced,g_dag,0.069714,4,Y,gdag_m20,-0.019855,0.5353,,0.046284
UGC07323,balanced,Ydisk,0.069714,4,Y,Ydisk_p10,0.011817,0.5353,,0.046284
UGC07323,balanced,Ydisk,0.069714,4,Y,Ydisk_m10,-0.012906,0.5353,,0.046284
UGC07323,balanced,Ydisk,0.069714,4,Y,Ydisk_p20,0.022706,0.5353,,0.046284
UGC07323,balanced,Ydisk,0.069714,4,Y,Ydisk_m20,-0.027067,0.5353,,0.046284
UGC07323,balanced,combined,0.069714,4,Y,both_p10,0.020435,0.5353,,0.046284
UGC07323,balanced,combined,0.069714,4,Y,both_m10,-0.022365,0.5353,,0.046284
UGC07323,balanced,combined,0.069714,4,Y,both_p20,0.039166,0.5353,,0.046284
UGC07323,balanced,combined,0.069714,4,Y,both_m20,-0.046284,0.5353,,0.046284
UGC00191,balanced,g_dag,0.074749,7,Y,gdag_p10,0.006831,0.6221,,0.034095
UGC00191,balanced,g_dag,0.074749,7,Y,gdag_m10,-0.007128,0.6221,,0.034095
UGC00191,balanced,g_dag,0.074749,7,Y,gdag_p20,0.013333,0.6221,,0.034095
UGC00191,balanced,g_dag,0.074749,7,Y,gdag_m20,-0.014439,0.6221,,0.034095
UGC00191,balanced,Ydisk,0.074749,7,Y,Ydisk_p10,0.010339,0.6221,,0.034095
UGC00191,balanced,Ydisk,0.074749,7,Y,Ydisk_m10,-0.010586,0.6221,,0.034095
UGC00191,balanced,Ydisk,0.074749,7,Y,Ydisk_p20,0.020252,0.6221,,0.034095
UGC00191,balanced,Ydisk,0.074749,7,Y,Ydisk_m20,-0.0209,0.6221,,0.034095
UGC00191,balanced,combined,0.074749,7,Y,both_p10,0.017377,0.6221,,0.034095
UGC00191,balanced,combined,0.074749,7,Y,both_m10,-0.017087,0.6221,,0.034095
UGC00191,balanced,combined,0.074749,7,Y,both_p20,0.034095,0.6221,,0.034095
UGC00191,balanced,combined,0.074749,7,Y,both_m20,-0.030496,0.6221,,0.034095
UGC04278,balanced,g_dag,0.076035,12,Y,gdag_p10,0.006968,0.4535,,0.033017
UGC04278,balanced,g_dag,0.076035,12,Y,gdag_m10,-0.007057,0.4535,,0.033017
UGC04278,balanced,g_dag,0.076035,12,Y,gdag_p20,0.013715,0.4535,,0.033017
UGC04278,balanced,g_dag,0.076035,12,Y,gdag_m20,-0.013904,0.4535,,0.033017
UGC04278,balanced,Ydisk,0.076035,12,Y,Ydisk_p10,0.009063,0.4535,,0.033017
UGC04278,balanced,Ydisk,0.076035,12,Y,Ydisk_m10,-0.00885,0.4535,,0.033017
UGC04278,balanced,Ydisk,0.076035,12,Y,Ydisk_p20,0.017959,0.4535,,0.033017
UGC04278,balanced,Ydisk,0.076035,12,Y,Ydisk_m20,-0.016616,0.4535,,0.033017
UGC04278,balanced,combined,0.076035,12,Y,both_p10,0.016516,0.4535,,0.033017
UGC04278,balanced,combined,0.076035,12,Y,both_m10,-0.014723,0.4535,,0.033017
UGC04278,balanced,combined,0.076035,12,Y,both_p20,0.033017,0.4535,,0.033017
UGC04278,balanced,combined,0.076035,12,Y,both_m20,-0.022853,0.4535,,0.033017
UGC05918,balanced,g_dag,0.037199,3,Y,gdag_p10,-0.00586,0.357,,0.037025
UGC05918,balanced,g_dag,0.037199,3,Y,gdag_m10,0.007995,0.357,,0.037025
UGC05918,balanced,g_dag,0.037199,3,Y,gdag_p20,-0.009301,0.357,,0.037025
UGC05918,balanced,g_dag,0.037199,3,Y,gdag_m20,0.017962,0.357,,0.037025
UGC05918,balanced,Ydisk,0.037199,3,Y,Ydisk_p10,-0.006216,0.357,,0.037025
UGC05918,balanced,Ydisk,0.037199,3,Y,Ydisk_m10,0.00778,0.357,,0.037025
UGC05918,balanced,Ydisk,0.037199,3,Y,Ydisk_p20,-0.010557,0.357,,0.037025
UGC05918,balanced,Ydisk,0.037199,3,Y,Ydisk_m20,0.01697,0.357,,0.037025
UGC05918,balanced,combined,0.037199,3,Y,both_p10,-0.010192,0.357,,0.037025
UGC05918,balanced,combined,0.037199,3,Y,both_m10,0.016541,0.357,,0.037025
UGC05918,balanced,combined,0.037199,3,Y,both_p20,-0.010111,0.357,,0.037025
UGC05918,balanced,combined,0.037199,3,Y,both_m20,0.037025,0.357,,0.037025
UGC11820,balanced,g_dag,0.077076,6,Y,gdag_p10,0.006943,0.5537,,0.032283
UGC11820,balanced,g_dag,0.077076,6,Y,gdag_m10,-0.007147,0.5537,,0.032283
UGC11820,balanced,g_dag,0.077076,6,Y,gdag_p20,0.013602,0.5537,,0.032283
UGC11820,balanced,g_dag,0.077076,6,Y,gdag_m20,-0.014301,0.5537,,0.032283
UGC11820,balanced,Ydisk,0.077076,6,Y,Ydisk_p10,0.008994,0.5537,,0.032283
UGC11820,balanced,Ydisk,0.077076,6,Y,Ydisk_m10,-0.008961,0.5537,,0.032283
UGC11820,balanced,Ydisk,0.077076,6,Y,Ydisk_p20,0.017765,0.5537,,0.032283
UGC11820,balanced,Ydisk,0.077076,6,Y,Ydisk_m20,-0.017308,0.5537,,0.032283
UGC11820,balanced,combined,0.077076,6,Y,both_p10,0.016272,0.5537,,0.032283
UGC11820,balanced,combined,0.077076,6,Y,both_m10,-0.015264,0.5537,,0.032283
UGC11820,balanced,combined,0.077076,6,Y,both_p20,0.032283,0.5537,,0.032283
UGC11820,balanced,combined,0.077076,6,Y,both_m20,-0.025908,0.5537,,0.032283
NGC0247,DM-dom,g_dag,0.048761,12,Y,gdag_p10,0.007369,0.5366,,0.033702
NGC0247,DM-dom,g_dag,0.048761,12,Y,gdag_m10,-0.007451,0.5366,,0.033702
NGC0247,DM-dom,g_dag,0.048761,12,Y,gdag_p20,0.014459,0.5366,,0.033702
NGC0247,DM-dom,g_dag,0.048761,12,Y,gdag_m20,-0.014437,0.5366,,0.033702
NGC0247,DM-dom,Ydisk,0.048761,12,Y,Ydisk_p10,0.009241,0.5366,,0.033702
NGC0247,DM-dom,Ydisk,0.048761,12,Y,Ydisk_m10,-0.008916,0.5366,,0.033702
NGC0247,DM-dom,Ydisk,0.048761,12,Y,Ydisk_p20,0.018308,0.5366,,0.033702
NGC0247,DM-dom,Ydisk,0.048761,12,Y,Ydisk_m20,-0.016147,0.5366,,0.033702
NGC0247,DM-dom,combined,0.048761,12,Y,both_p10,0.016999,0.5366,,0.033702
NGC0247,DM-dom,combined,0.048761,12,Y,both_m10,-0.014893,0.5366,,0.033702
NGC0247,DM-dom,combined,0.048761,12,Y,both_p20,0.033702,0.5366,,0.033702
NGC0247,DM-dom,combined,0.048761,12,Y,both_m20,-0.018726,0.5366,,0.033702
UGC06399,DM-dom,g_dag,0.053143,4,Y,gdag_p10,0.003561,0.5044,,0.021822
UGC06399,DM-dom,g_dag,0.053143,4,Y,gdag_m10,-0.002356,0.5044,,0.021822
UGC06399,DM-dom,g_dag,0.053143,4,Y,gdag_p20,0.007815,0.5044,,0.021822
UGC06399,DM-dom,g_dag,0.053143,4,Y,gdag_m20,-0.002814,0.5044,,0.021822
UGC06399,DM-dom,Ydisk,0.053143,4,Y,Ydisk_p10,0.004714,0.5044,,0.021822
UGC06399,DM-dom,Ydisk,0.053143,4,Y,Ydisk_m10,-0.002977,0.5044,,0.021822
UGC06399,DM-dom,Ydisk,0.053143,4,Y,Ydisk_p20,0.010389,0.5044,,0.021822
UGC06399,DM-dom,Ydisk,0.053143,4,Y,Ydisk_m20,-0.003194,0.5044,,0.021822
UGC06399,DM-dom,combined,0.053143,4,Y,both_p10,0.009531,0.5044,,0.021822
UGC06399,DM-dom,combined,0.053143,4,Y,both_m10,-0.003101,0.5044,,0.021822
UGC06399,DM-dom,combined,0.053143,4,Y,both_p20,0.021822,0.5044,,0.021822
UGC06399,DM-dom,combined,0.053143,4,Y,both_m20,0.003849,0.5044,,0.021822
F563-1,DM-dom,g_dag,0.135478,10,Y,gdag_p10,-0.006115,0.436,,0.03011
F563-1,DM-dom,g_dag,0.135478,10,Y,gdag_m10,0.007133,0.436,,0.03011
F563-1,DM-dom,g_dag,0.135478,10,Y,gdag_p20,-0.011367,0.436,,0.03011
F563-1,DM-dom,g_dag,0.135478,10,Y,gdag_m20,0.015486,0.436,,0.03011
F563-1,DM-dom,Ydisk,0.135478,10,Y,Ydisk_p10,-0.00533,0.436,,0.03011
F563-1,DM-dom,Ydisk,0.135478,10,Y,Ydisk_m10,0.006132,0.436,,0.03011
F563-1,DM-dom,Ydisk,0.135478,10,Y,Ydisk_p20,-0.009961,0.436,,0.03011
F563-1,DM-dom,Ydisk,0.135478,10,Y,Ydisk_m20,0.013201,0.436,,0.03011
F563-1,DM-dom,combined,0.135478,10,Y,both_p10,-0.011051,0.436,,0.03011
F563-1,DM-dom,combined,0.135478,10,Y,both_m10,0.013633,0.436,,0.03011
F563-1,DM-dom,combined,0.135478,10,Y,both_p20,-0.019706,0.436,,0.03011
F563-1,DM-dom,combined,0.135478,10,Y,both_m20,0.03011,0.436,,0.03011
UGC07577,baryon-dom,g_dag,0.302955,4,Y,gdag_p10,0.009756,0.0,,0.046718
UGC07577,baryon-dom,g_dag,0.302955,4,Y,gdag_m10,-0.010749,0.0,,0.046718
UGC07577,baryon-dom,g_dag,0.302955,4,Y,gdag_p20,0.018689,0.0,,0.046718
UGC07577,baryon-dom,g_dag,0.302955,4,Y,gdag_m20,-0.022717,0.0,,0.046718
UGC07577,baryon-dom,Ydisk,0.302955,4,Y,Ydisk_p10,0.0103,0.0,,0.046718
UGC07577,baryon-dom,Ydisk,0.302955,4,Y,Ydisk_m10,-0.011395,0.0,,0.046718
UGC07577,baryon-dom,Ydisk,0.302955,4,Y,Ydisk_p20,-0.019328,0.0,,0.046718
UGC07577,baryon-dom,Ydisk,0.302955,4,Y,Ydisk_m20,-0.02416,0.0,,0.046718
UGC07577,baryon-dom,combined,0.302955,4,Y,both_p10,0.020062,0.0,,0.046718
UGC07577,baryon-dom,combined,0.302955,4,Y,both_m10,-0.022123,0.0,,0.046718
UGC07577,baryon-dom,combined,0.302955,4,Y,both_p20,-0.004803,0.0,,0.046718
UGC07577,baryon-dom,combined,0.302955,4,Y,both_m20,-0.046718,0.0,,0.046718
UGC06818,baryon-dom,g_dag,0.156758,3,Y,gdag_p10,0.008938,0.4822,,0.045497
UGC06818,baryon-dom,g_dag,0.156758,3,Y,gdag_m10,-0.00979,0.4822,,0.045497
UGC06818,baryon-dom,g_dag,0.156758,3,Y,gdag_p20,0.017161,0.4822,,0.045497
UGC06818,baryon-dom,g_dag,0.156758,3,Y,gdag_m20,-0.020612,0.4822,,0.045497
UGC06818,baryon-dom,Ydisk,0.156758,3,Y,Ydisk_p10,0.010822,0.4822,,0.045497
UGC06818,baryon-dom,Ydisk,0.156758,3,Y,Ydisk_m10,-0.011808,0.4822,,0.045497
UGC06818,baryon-dom,Ydisk,0.156758,3,Y,Ydisk_p20,0.020814,0.4822,,0.045497
UGC06818,baryon-dom,Ydisk,0.156758,3,Y,Ydisk_m20,-0.024802,0.4822,,0.045497
UGC06818,baryon-dom,combined,0.156758,3,Y,both_p10,0.019726,0.4822,,0.045497
UGC06818,baryon-dom,combined,0.156758,3,Y,both_m10,-0.021628,0.4822,,0.045497
UGC06818,baryon-dom,combined,0.156758,3,Y,both_p20,0.03784,0.4822,,0.045497
UGC06818,baryon-dom,combined,0.156758,3,Y,both_m20,-0.045497,0.4822,,0.045497
NGC0100,baryon-dom,g_dag,0.095047,11,Y,gdag_p10,0.002522,0.4896,,0.016108
NGC0100,baryon-dom,g_dag,0.095047,11,Y,gdag_m10,-0.001826,0.4896,,0.016108
NGC0100,baryon-dom,g_dag,0.095047,11,Y,gdag_p20,0.005505,0.4896,,0.016108
NGC0100,baryon-dom,g_dag,0.095047,11,Y,gdag_m20,-0.002629,0.4896,,0.016108
NGC0100,baryon-dom,Ydisk,0.095047,11,Y,Ydisk_p10,0.003538,0.4896,,0.016108
NGC0100,baryon-dom,Ydisk,0.095047,11,Y,Ydisk_m10,-0.002553,0.4896,,0.016108
NGC0100,baryon-dom,Ydisk,0.095047,11,Y,Ydisk_p20,0.007712,0.4896,,0.016108
NGC0100,baryon-dom,Ydisk,0.095047,11,Y,Ydisk_m20,-0.003637,0.4896,,0.016108
NGC0100,baryon-dom,combined,0.095047,11,Y,both_p10,0.006943,0.4896,,0.016108
NGC0100,baryon-dom,combined,0.095047,11,Y,both_m10,-0.0031,0.4896,,0.016108
NGC0100,baryon-dom,combined,0.095047,11,Y,both_p20,0.016108,0.4896,,0.016108
NGC0100,baryon-dom,combined,0.095047,11,Y,both_m20,-0.00041,0.4896,,0.016108
DDO064,baryon-dom,g_dag,0.096265,8,Y,gdag_p10,-0.000556,0.4165,,0.043772
DDO064,baryon-dom,g_dag,0.096265,8,Y,gdag_m10,0.001698,0.4165,,0.043772
DDO064,baryon-dom,g_dag,0.096265,8,Y,gdag_p20,-0.000225,0.4165,,0.043772
DDO064,baryon-dom,g_dag,0.096265,8,Y,gdag_m20,0.004855,0.4165,,0.043772
DDO064,baryon-dom,Ydisk,0.096265,8,Y,Ydisk_p10,-0.006096,0.4165,,0.043772
DDO064,baryon-dom,Ydisk,0.096265,8,Y,Ydisk_m10,0.011546,0.4165,,0.043772
DDO064,baryon-dom,Ydisk,0.096265,8,Y,Ydisk_p20,-0.008802,0.4165,,0.043772
DDO064,baryon-dom,Ydisk,0.096265,8,Y,Ydisk_m20,0.034228,0.4165,,0.043772
DDO064,baryon-dom,combined,0.096265,8,Y,both_p10,-0.005329,0.4165,,0.043772
DDO064,baryon-dom,combined,0.096265,8,Y,both_m10,0.014555,0.4165,,0.043772
DDO064,baryon-dom,combined,0.096265,8,Y,both_p20,-0.00416,0.4165,,0.043772
DDO064,baryon-dom,combined,0.096265,8,Y,both_m20,0.043772,0.4165,,0.043772
UGC07603,baryon-dom,g_dag,0.069642,6,Y,gdag_p10,-0.005004,0.5141,,0.028936
UGC07603,baryon-dom,g_dag,0.069642,6,Y,gdag_m10,0.0063,0.5141,,0.028936
UGC07603,baryon-dom,g_dag,0.069642,6,Y,gdag_p20,-0.008824,0.5141,,0.028936
UGC07603,baryon-dom,g_dag,0.069642,6,Y,gdag_m20,0.01404,0.5141,,0.028936
UGC07603,baryon-dom,Ydisk,0.069642,6,Y,Ydisk_p10,-0.00402,0.5141,,0.028936
UGC07603,baryon-dom,Ydisk,0.069642,6,Y,Ydisk_m10,0.005351,0.5141,,0.028936
UGC07603,baryon-dom,Ydisk,0.069642,6,Y,Ydisk_p20,-0.006796,0.5141,,0.028936
UGC07603,baryon-dom,Ydisk,0.069642,6,Y,Ydisk_m20,0.012125,0.5141,,0.028936
UGC07603,baryon-dom,combined,0.069642,6,Y,both_p10,-0.008022,0.5141,,0.028936
UGC07603,baryon-dom,combined,0.069642,6,Y,both_m10,0.012445,0.5141,,0.028936
UGC07603,baryon-dom,combined,0.069642,6,Y,both_p20,-0.011368,0.5141,,0.028936
UGC07603,baryon-dom,combined,0.069642,6,Y,both_m20,0.028936,0.5141,,0.028936
UGC07151,baryon-dom,g_dag,0.050049,5,Y,gdag_p10,0.00312,0.5839,,0.022164
UGC07151,baryon-dom,g_dag,0.050049,5,Y,gdag_m10,-0.001951,0.5839,,0.022164
UGC07151,baryon-dom,g_dag,0.050049,5,Y,gdag_p20,0.006942,0.5839,,0.022164
UGC07151,baryon-dom,g_dag,0.050049,5,Y,gdag_m20,-0.002126,0.5839,,0.022164
UGC07151,baryon-dom,Ydisk,0.050049,5,Y,Ydisk_p10,0.004936,0.5839,,0.022164
UGC07151,baryon-dom,Ydisk,0.050049,5,Y,Ydisk_m10,-0.002373,0.5839,,0.022164
UGC07151,baryon-dom,Ydisk,0.050049,5,Y,Ydisk_p20,0.011267,0.5839,,0.022164
UGC07151,baryon-dom,Ydisk,0.050049,5,Y,Ydisk_m20,-0.000795,0.5839,,0.022164
UGC07151,baryon-dom,combined,0.050049,5,Y,both_p10,0.009461,0.5839,,0.022164
UGC07151,baryon-dom,combined,0.050049,5,Y,both_m10,-0.001831,0.5839,,0.022164
UGC07151,baryon-dom,combined,0.050049,5,Y,both_p20,0.022164,0.5839,,0.022164
UGC07151,baryon-dom,combined,0.050049,5,Y,both_m20,0.007572,0.5839,,0.022164
NGC4088,baryon-dom,g_dag,0.067373,6,Y,gdag_p10,0.005822,0.8016,,0.039508
NGC4088,baryon-dom,g_dag,0.067373,6,Y,gdag_m10,-0.006174,0.8016,,0.039508
NGC4088,baryon-dom,g_dag,0.067373,6,Y,gdag_p20,0.01132,0.8016,,0.039508
NGC4088,baryon-dom,g_dag,0.067373,6,Y,gdag_m20,-0.012721,0.8016,,0.039508
NGC4088,baryon-dom,Ydisk,0.067373,6,Y,Ydisk_p10,0.013546,0.8016,,0.039508
NGC4088,baryon-dom,Ydisk,0.067373,6,Y,Ydisk_m10,-0.014346,0.8016,,0.039508
NGC4088,baryon-dom,Ydisk,0.067373,6,Y,Ydisk_p20,0.02626,0.8016,,0.039508
NGC4088,baryon-dom,Ydisk,0.067373,6,Y,Ydisk_m20,-0.029066,0.8016,,0.039508
NGC4088,baryon-dom,combined,0.067373,6,Y,both_p10,0.01931,0.8016,,0.039508
NGC4088,baryon-dom,combined,0.067373,6,Y,both_m10,-0.020406,0.8016,,0.039508
NGC4088,baryon-dom,combined,0.067373,6,Y,both_p20,0.037271,0.8016,,0.039508
NGC4088,baryon-dom,combined,0.067373,6,Y,both_m20,-0.039508,0.8016,,0.039508
UGC12732,baryon-dom,g_dag,0.042849,8,Y,gdag_p10,0.008758,0.5073,,0.037533
UGC12732,baryon-dom,g_dag,0.042849,8,Y,gdag_m10,-0.009512,0.5073,,0.037533
UGC12732,baryon-dom,g_dag,0.042849,8,Y,gdag_p20,0.016848,0.5073,,0.037533
UGC12732,baryon-dom,g_dag,0.042849,8,Y,gdag_m20,-0.019789,0.5073,,0.037533
UGC12732,baryon-dom,Ydisk,0.042849,8,Y,Ydisk_p10,0.010814,0.5073,,0.037533
UGC12732,baryon-dom,Ydisk,0.042849,8,Y,Ydisk_m10,-0.011683,0.5073,,0.037533
UGC12732,baryon-dom,Ydisk,0.042849,8,Y,Ydisk_p20,0.020842,0.5073,,0.037533
UGC12732,baryon-dom,Ydisk,0.042849,8,Y,Ydisk_m20,-0.024109,0.5073,,0.037533
UGC12732,baryon-dom,combined,0.042849,8,Y,both_p10,0.019541,0.5073,,0.037533
UGC12732,baryon-dom,combined,0.042849,8,Y,both_m10,-0.021059,0.5073,,0.037533
UGC12732,baryon-dom,combined,0.042849,8,Y,both_p20,0.037533,0.5073,,0.037533
UGC12732,baryon-dom,combined,0.042849,8,Y,both_m20,-0.034298,0.5073,,0.037533
UGC07089,baryon-dom,g_dag,0.099211,5,Y,gdag_p10,0.008913,0.4862,,0.042009
UGC07089,baryon-dom,g_dag,0.099211,5,Y,gdag_m10,-0.009746,0.4862,,0.042009
UGC07089,baryon-dom,g_dag,0.099211,5,Y,gdag_p20,0.017121,0.4862,,0.042009
UGC07089,baryon-dom,g_dag,0.099211,5,Y,gdag_m20,-0.020488,0.4862,,0.042009
UGC07089,baryon-dom,Ydisk,0.099211,5,Y,Ydisk_p10,0.009633,0.4862,,0.042009
UGC07089,baryon-dom,Ydisk,0.099211,5,Y,Ydisk_m10,-0.010391,0.4862,,0.042009
UGC07089,baryon-dom,Ydisk,0.099211,5,Y,Ydisk_p20,0.018611,0.4862,,0.042009
UGC07089,baryon-dom,Ydisk,0.099211,5,Y,Ydisk_m20,-0.021663,0.4862,,0.042009
UGC07089,baryon-dom,combined,0.099211,5,Y,both_p10,0.018524,0.4862,,0.042009
UGC07089,baryon-dom,combined,0.099211,5,Y,both_m10,-0.020138,0.4862,,0.042009
UGC07089,baryon-dom,combined,0.099211,5,Y,both_p20,0.035634,0.4862,,0.042009
UGC07089,baryon-dom,combined,0.099211,5,Y,both_m20,-0.042009,0.4862,,0.042009
UGC12632,baryon-dom,g_dag,0.063121,7,Y,gdag_p10,0.008515,0.5001,,0.0387
UGC12632,baryon-dom,g_dag,0.063121,7,Y,gdag_m10,-0.009154,0.5001,,0.0387
UGC12632,baryon-dom,g_dag,0.063121,7,Y,gdag_p20,0.016436,0.5001,,0.0387
UGC12632,baryon-dom,g_dag,0.063121,7,Y,gdag_m20,-0.018922,0.5001,,0.0387
UGC12632,baryon-dom,Ydisk,0.063121,7,Y,Ydisk_p10,0.010247,0.5001,,0.0387
UGC12632,baryon-dom,Ydisk,0.063121,7,Y,Ydisk_m10,-0.011015,0.5001,,0.0387
UGC12632,baryon-dom,Ydisk,0.063121,7,Y,Ydisk_p20,0.019795,0.5001,,0.0387
UGC12632,baryon-dom,Ydisk,0.063121,7,Y,Ydisk_m20,-0.022798,0.5001,,0.0387
UGC12632,baryon-dom,combined,0.063121,7,Y,both_p10,0.018808,0.5001,,0.0387
UGC12632,baryon-dom,combined,0.063121,7,Y,both_m10,-0.019922,0.5001,,0.0387
UGC12632,baryon-dom,combined,0.063121,7,Y,both_p20,0.036304,0.5001,,0.0387
UGC12632,baryon-dom,combined,0.063121,7,Y,both_m20,-0.0387,0.5001,,0.0387
NGC4214,baryon-dom,g_dag,0.121771,7,Y,gdag_p10,-0.006065,0.6605,,0.038131
NGC4214,baryon-dom,g_dag,0.121771,7,Y,gdag_m10,0.006796,0.6605,,0.038131
NGC4214,baryon-dom,g_dag,0.121771,7,Y,gdag_p20,-0.011497,0.6605,,0.038131
NGC4214,baryon-dom,g_dag,0.121771,7,Y,gdag_m20,0.014455,0.6605,,0.038131
NGC4214,baryon-dom,Ydisk,0.121771,7,Y,Ydisk_p10,-0.009474,0.6605,,0.038131
NGC4214,baryon-dom,Ydisk,0.121771,7,Y,Ydisk_m10,0.010582,0.6605,,0.038131
NGC4214,baryon-dom,Ydisk,0.121771,7,Y,Ydisk_p20,-0.017949,0.6605,,0.038131
NGC4214,baryon-dom,Ydisk,0.121771,7,Y,Ydisk_m20,0.022425,0.6605,,0.038131
NGC4214,baryon-dom,combined,0.121771,7,Y,both_p10,-0.015188,0.6605,,0.038131
NGC4214,baryon-dom,combined,0.121771,7,Y,both_m10,0.017698,0.6605,,0.038131
NGC4214,baryon-dom,combined,0.121771,7,Y,both_p20,-0.027949,0.6605,,0.038131
NGC4214,baryon-dom,combined,0.121771,7,Y,both_m20,0.038131,0.6605,,0.038131
UGC02916,balanced,g_dag,0.08817,36,Y,gdag_p10,0.003663,0.8758,,0.015364
UGC02916,balanced,g_dag,0.08817,36,Y,gdag_m10,-0.003788,0.8758,,0.015364
UGC02916,balanced,g_dag,0.08817,36,Y,gdag_p20,0.007201,0.8758,,0.015364
UGC02916,balanced,g_dag,0.08817,36,Y,gdag_m20,-0.007692,0.8758,,0.015364
UGC02916,balanced,Ydisk,0.08817,36,Y,Ydisk_p10,0.004032,0.8758,,0.015364
UGC02916,balanced,Ydisk,0.08817,36,Y,Ydisk_m10,-0.004047,0.8758,,0.015364
UGC02916,balanced,Ydisk,0.08817,36,Y,Ydisk_p20,0.008032,0.8758,,0.015364
UGC02916,balanced,Ydisk,0.08817,36,Y,Ydisk_m20,-0.008084,0.8758,,0.015364
UGC02916,balanced,combined,0.08817,36,Y,both_p10,0.007732,0.8758,,0.015364
UGC02916,balanced,combined,0.08817,36,Y,both_m10,-0.007761,0.8758,,0.015364
UGC02916,balanced,combined,0.08817,36,Y,both_p20,0.015334,0.8758,,0.015364
UGC02916,balanced,combined,0.08817,36,Y,both_m20,-0.015364,0.8758,,0.015364
UGC11914,balanced,g_dag,0.151942,42,Y,gdag_p10,-0.00315,0.9354,,0.016168
UGC11914,balanced,g_dag,0.151942,42,Y,gdag_m10,0.003279,0.9354,,0.016168
UGC11914,balanced,g_dag,0.151942,42,Y,gdag_p20,-0.00618,0.9354,,0.016168
UGC11914,balanced,g_dag,0.151942,42,Y,gdag_m20,0.006693,0.9354,,0.016168
UGC11914,balanced,Ydisk,0.151942,42,Y,Ydisk_p10,-0.004351,0.9354,,0.016168
UGC11914,balanced,Ydisk,0.151942,42,Y,Ydisk_m10,0.0045,0.9354,,0.016168
UGC11914,balanced,Ydisk,0.151942,42,Y,Ydisk_p20,-0.008561,0.9354,,0.016168
UGC11914,balanced,Ydisk,0.151942,42,Y,Ydisk_m20,0.009159,0.9354,,0.016168
UGC11914,balanced,combined,0.151942,42,Y,both_p10,-0.007435,0.9354,,0.016168
UGC11914,balanced,combined,0.151942,42,Y,both_m10,0.007852,0.9354,,0.016168
UGC11914,balanced,combined,0.151942,42,Y,both_p20,-0.014491,0.9354,,0.016168
UGC11914,balanced,combined,0.151942,42,Y,both_m20,0.016168,0.9354,,0.016168
F583-1,balanced,g_dag,0.12627,22,Y,gdag_p10,0.003274,0.4213,,0.017761
F583-1,balanced,g_dag,0.12627,22,Y,gdag_m10,-0.002874,0.4213,,0.017761
F583-1,balanced,g_dag,0.12627,22,Y,gdag_p20,0.006789,0.4213,,0.017761
F583-1,balanced,g_dag,0.12627,22,Y,gdag_m20,-0.005111,0.4213,,0.017761
F583-1,balanced,Ydisk,0.12627,22,Y,Ydisk_p10,0.004353,0.4213,,0.017761
F583-1,balanced,Ydisk,0.12627,22,Y,Ydisk_m10,-0.003905,0.4213,,0.017761
F583-1,balanced,Ydisk,0.12627,22,Y,Ydisk_p20,0.008958,0.4213,,0.017761
F583-1,balanced,Ydisk,0.12627,22,Y,Ydisk_m20,-0.007064,0.4213,,0.017761
F583-1,balanced,combined,0.12627,22,Y,both_p10,0.008233,0.4213,,0.017761
F583-1,balanced,combined,0.12627,22,Y,both_m10,-0.005895,0.4213,,0.017761
F583-1,balanced,combined,0.12627,22,Y,both_p20,0.017761,0.4213,,0.017761
F583-1,balanced,combined,0.12627,22,Y,both_m20,-0.007946,0.4213,,0.017761
UGC06917,balanced,g_dag,0.029798,4,Y,gdag_p10,0.000376,0.5865,,0.027622
UGC06917,balanced,g_dag,0.029798,4,Y,gdag_m10,0.002167,0.5865,,0.027622
UGC06917,balanced,g_dag,0.029798,4,Y,gdag_p20,0.002668,0.5865,,0.027622
UGC06917,balanced,g_dag,0.029798,4,Y,gdag_m20,0.007096,0.5865,,0.027622
UGC06917,balanced,Ydisk,0.029798,4,Y,Ydisk_p10,0.00212,0.5865,,0.027622
UGC06917,balanced,Ydisk,0.029798,4,Y,Ydisk_m10,0.003117,0.5865,,0.027622
UGC06917,balanced,Ydisk,0.029798,4,Y,Ydisk_p20,0.007631,0.5865,,0.027622
UGC06917,balanced,Ydisk,0.029798,4,Y,Ydisk_m20,0.011568,0.5865,,0.027622
UGC06917,balanced,combined,0.029798,4,Y,both_p10,0.005403,0.5865,,0.027622
UGC06917,balanced,combined,0.029798,4,Y,both_m10,0.008451,0.5865,,0.027622
UGC06917,balanced,combined,0.029798,4,Y,both_p20,0.01801,0.5865,,0.027622
UGC06917,balanced,combined,0.029798,4,Y,both_m20,0.027622,0.5865,,0.027622
UGC08550,balanced,g_dag,0.023483,5,Y,gdag_p10,0.006042,0.5456,,0.030321
UGC08550,balanced,g_dag,0.023483,5,Y,gdag_m10,-0.004098,0.5456,,0.030321
UGC08550,balanced,g_dag,0.023483,5,Y,gdag_p20,0.01259,0.5456,,0.030321
UGC08550,balanced,g_dag,0.023483,5,Y,gdag_m20,-0.003609,0.5456,,0.030321
UGC08550,balanced,Ydisk,0.023483,5,Y,Ydisk_p10,0.007193,0.5456,,0.030321
UGC08550,balanced,Ydisk,0.023483,5,Y,Ydisk_m10,-0.004071,0.5456,,0.030321
UGC08550,balanced,Ydisk,0.023483,5,Y,Ydisk_p20,0.015226,0.5456,,0.030321
UGC08550,balanced,Ydisk,0.023483,5,Y,Ydisk_m20,-0.001521,0.5456,,0.030321
UGC08550,balanced,combined,0.023483,5,Y,both_p10,0.014441,0.5456,,0.030321
UGC08550,balanced,combined,0.023483,5,Y,both_m10,-0.00305,0.5456,,0.030321
UGC08550,balanced,combined,0.023483,5,Y,both_p20,0.030321,0.5456,,0.030321
UGC08550,balanced,combined,0.023483,5,Y,both_m20,0.012514,0.5456,,0.030321
UGC06930,balanced,g_dag,0.042834,4,Y,gdag_p10,0.004727,0.5739,,0.027596
UGC06930,balanced,g_dag,0.042834,4,Y,gdag_m10,-0.00373,0.5739,,0.027596
UGC06930,balanced,g_dag,0.042834,4,Y,gdag_p20,0.009899,0.5739,,0.027596
UGC06930,balanced,g_dag,0.042834,4,Y,gdag_m20,-0.005584,0.5739,,0.027596
UGC06930,balanced,Ydisk,0.042834,4,Y,Ydisk_p10,0.007143,0.5739,,0.027596
UGC06930,balanced,Ydisk,0.042834,4,Y,Ydisk_m10,-0.005237,0.5739,,0.027596
UGC06930,balanced,Ydisk,0.042834,4,Y,Ydisk_p20,0.01501,0.5739,,0.027596
UGC06930,balanced,Ydisk,0.042834,4,Y,Ydisk_m20,-0.00659,0.5739,,0.027596
UGC06930,balanced,combined,0.042834,4,Y,both_p10,0.012921,0.5739,,0.027596
UGC06930,balanced,combined,0.042834,4,Y,both_m10,-0.006301,0.5739,,0.027596
UGC06930,balanced,combined,0.042834,4,Y,both_p20,0.027596,0.5739,,0.027596
UGC06930,balanced,combined,0.042834,4,Y,both_m20,0.000634,0.5739,,0.027596
DDO170,balanced,g_dag,0.124902,3,Y,gdag_p10,0.008875,0.4328,,0.035868
DDO170,balanced,g_dag,0.124902,3,Y,gdag_m10,-0.009675,0.4328,,0.035868
DDO170,balanced,g_dag,0.124902,3,Y,gdag_p20,0.017066,0.4328,,0.035868
DDO170,balanced,g_dag,0.124902,3,Y,gdag_m20,-0.020291,0.4328,,0.035868
DDO170,balanced,Ydisk,0.124902,3,Y,Ydisk_p10,0.007043,0.4328,,0.035868
DDO170,balanced,Ydisk,0.124902,3,Y,Ydisk_m10,-0.007505,0.4328,,0.035868
DDO170,balanced,Ydisk,0.124902,3,Y,Ydisk_p20,0.013681,0.4328,,0.035868
DDO170,balanced,Ydisk,0.124902,3,Y,Ydisk_m20,-0.015545,0.4328,,0.035868
DDO170,balanced,combined,0.124902,3,Y,both_p10,0.015899,0.4328,,0.035868
DDO170,balanced,combined,0.124902,3,Y,both_m10,-0.017195,0.4328,,0.035868
DDO170,balanced,combined,0.124902,3,Y,both_p20,0.030674,0.4328,,0.035868
DDO170,balanced,combined,0.124902,3,Y,both_m20,-0.035868,0.4328,,0.035868
F568-3,balanced,g_dag,0.10649,12,Y,gdag_p10,0.000558,0.4526,,0.009043
F568-3,balanced,g_dag,0.10649,12,Y,gdag_m10,0.000309,0.4526,,0.009043
F568-3,balanced,g_dag,0.10649,12,Y,gdag_p20,0.001764,0.4526,,0.009043
F568-3,balanced,g_dag,0.10649,12,Y,gdag_m20,0.001773,0.4526,,0.009043
F568-3,balanced,Ydisk,0.10649,12,Y,Ydisk_p10,0.00083,0.4526,,0.009043
F568-3,balanced,Ydisk,0.10649,12,Y,Ydisk_m10,0.000377,0.4526,,0.009043
F568-3,balanced,Ydisk,0.10649,12,Y,Ydisk_p20,0.002563,0.4526,,0.009043
F568-3,balanced,Ydisk,0.10649,12,Y,Ydisk_m20,0.002346,0.4526,,0.009043
F568-3,balanced,combined,0.10649,12,Y,both_p10,0.00232,0.4526,,0.009043
F568-3,balanced,combined,0.10649,12,Y,both_m10,0.001842,0.4526,,0.009043
F568-3,balanced,combined,0.10649,12,Y,both_p20,0.007576,0.4526,,0.009043
F568-3,balanced,combined,0.10649,12,Y,both_m20,0.009043,0.4526,,0.009043
NGC4183,balanced,g_dag,0.048347,12,Y,gdag_p10,0.007287,0.6089,,0.033759
NGC4183,balanced,g_dag,0.048347,12,Y,gdag_m10,-0.007592,0.6089,,0.033759
NGC4183,balanced,g_dag,0.048347,12,Y,gdag_p20,0.014197,0.6089,,0.033759
NGC4183,balanced,g_dag,0.048347,12,Y,gdag_m20,-0.015215,0.6089,,0.033759
NGC4183,balanced,Ydisk,0.048347,12,Y,Ydisk_p10,0.009644,0.6089,,0.033759
NGC4183,balanced,Ydisk,0.048347,12,Y,Ydisk_m10,-0.00943,0.6089,,0.033759
NGC4183,balanced,Ydisk,0.048347,12,Y,Ydisk_p20,0.019058,0.6089,,0.033759
NGC4183,balanced,Ydisk,0.048347,12,Y,Ydisk_m20,-0.017353,0.6089,,0.033759
NGC4183,balanced,combined,0.048347,12,Y,both_p10,0.017165,0.6089,,0.033759
NGC4183,balanced,combined,0.048347,12,Y,both_m10,-0.015959,0.6089,,0.033759
NGC4183,balanced,combined,0.048347,12,Y,both_p20,0.033759,0.6089,,0.033759
NGC4183,balanced,combined,0.048347,12,Y,both_m20,-0.022447,0.6089,,0.033759
NGC1090,balanced,g_dag,0.147035,12,Y,gdag_p10,0.004752,0.7649,,0.033231
NGC1090,balanced,g_dag,0.147035,12,Y,gdag_m10,-0.004949,0.7649,,0.033231
NGC1090,balanced,g_dag,0.147035,12,Y,gdag_p20,0.009312,0.7649,,0.033231
NGC1090,balanced,g_dag,0.147035,12,Y,gdag_m20,-0.01009,0.7649,,0.033231
NGC1090,balanced,Ydisk,0.147035,12,Y,Ydisk_p10,0.011638,0.7649,,0.033231
NGC1090,balanced,Ydisk,0.147035,12,Y,Ydisk_m10,-0.012114,0.7649,,0.033231
NGC1090,balanced,Ydisk,0.147035,12,Y,Ydisk_p20,0.02275,0.7649,,0.033231
NGC1090,balanced,Ydisk,0.147035,12,Y,Ydisk_m20,-0.024539,0.7649,,0.033231
NGC1090,balanced,combined,0.147035,12,Y,both_p10,0.016474,0.7649,,0.033231
NGC1090,balanced,combined,0.147035,12,Y,both_m10,-0.016845,0.7649,,0.033231
NGC1090,balanced,combined,0.147035,12,Y,both_p20,0.032259,0.7649,,0.033231
NGC1090,balanced,combined,0.147035,12,Y,both_m20,-0.033231,0.7649,,0.033231
UGCA444,balanced,g_dag,0.075372,17,Y,gdag_p10,0.005622,0.4164,,0.011382
UGCA444,balanced,g_dag,0.075372,17,Y,gdag_m10,-0.005193,0.4164,,0.011382
UGCA444,balanced,g_dag,0.075372,17,Y,gdag_p20,0.011382,0.4164,,0.011382
UGCA444,balanced,g_dag,0.075372,17,Y,gdag_m20,-0.009453,0.4164,,0.011382
UGCA444,balanced,Ydisk,0.075372,17,Y,Ydisk_p10,-0.001,0.4164,,0.011382
UGCA444,balanced,Ydisk,0.075372,17,Y,Ydisk_m10,0.001436,0.4164,,0.011382
UGCA444,balanced,Ydisk,0.075372,17,Y,Ydisk_p20,-0.001648,0.4164,,0.011382
UGCA444,balanced,Ydisk,0.075372,17,Y,Ydisk_m20,0.003426,0.4164,,0.011382
UGCA444,balanced,combined,0.075372,17,Y,both_p10,0.005012,0.4164,,0.011382
UGCA444,balanced,combined,0.075372,17,Y,both_m10,-0.003229,0.4164,,0.011382
UGCA444,balanced,combined,0.075372,17,Y,both_p20,0.011059,0.4164,,0.011382
UGCA444,balanced,combined,0.075372,17,Y,both_m20,-0.003655,0.4164,,0.011382
F565-V2,DM-dom,g_dag,0.063105,3,Y,gdag_p10,0.00309,0.3935,,0.015149
F565-V2,DM-dom,g_dag,0.063105,3,Y,gdag_m10,-0.001841,0.3935,,0.015149
F565-V2,DM-dom,g_dag,0.063105,3,Y,gdag_p20,0.006952,0.3935,,0.015149
F565-V2,DM-dom,g_dag,0.063105,3,Y,gdag_m20,-0.0018,0.3935,,0.015149
F565-V2,DM-dom,Ydisk,0.063105,3,Y,Ydisk_p10,0.002761,0.3935,,0.015149
F565-V2,DM-dom,Ydisk,0.063105,3,Y,Ydisk_m10,-0.002358,0.3935,,0.015149
F565-V2,DM-dom,Ydisk,0.063105,3,Y,Ydisk_p20,0.005802,0.3935,,0.015149
F565-V2,DM-dom,Ydisk,0.063105,3,Y,Ydisk_m20,-0.004154,0.3935,,0.015149
F565-V2,DM-dom,combined,0.063105,3,Y,both_p10,0.006601,0.3935,,0.015149
F565-V2,DM-dom,combined,0.063105,3,Y,both_m10,-0.003074,0.3935,,0.015149
F565-V2,DM-dom,combined,0.063105,3,Y,both_p20,0.015149,0.3935,,0.015149
F565-V2,DM-dom,combined,0.063105,3,Y,both_m20,-0.000848,0.3935,,0.015149
DDO154,DM-dom,g_dag,0.058132,5,Y,gdag_p10,0.008362,0.3864,,0.026451
DDO154,DM-dom,g_dag,0.058132,5,Y,gdag_m10,-0.008705,0.3864,,0.026451
DDO154,DM-dom,g_dag,0.058132,5,Y,gdag_p20,0.016276,0.3864,,0.026451
DDO154,DM-dom,g_dag,0.058132,5,Y,gdag_m20,-0.017373,0.3864,,0.026451
DDO154,DM-dom,Ydisk,0.058132,5,Y,Ydisk_p10,0.004236,0.3864,,0.026451
DDO154,DM-dom,Ydisk,0.058132,5,Y,Ydisk_m10,-0.004463,0.3864,,0.026451
DDO154,DM-dom,Ydisk,0.058132,5,Y,Ydisk_p20,0.008267,0.3864,,0.026451
DDO154,DM-dom,Ydisk,0.058132,5,Y,Ydisk_m20,-0.009182,0.3864,,0.026451
DDO154,DM-dom,combined,0.058132,5,Y,both_p10,0.012552,0.3864,,0.026451
DDO154,DM-dom,combined,0.058132,5,Y,both_m10,-0.013201,0.3864,,0.026451
DDO154,DM-dom,combined,0.058132,5,Y,both_p20,0.024369,0.3864,,0.026451
DDO154,DM-dom,combined,0.058132,5,Y,both_m20,-0.026451,0.3864,,0.026451
F568-V1,DM-dom,g_dag,0.103386,11,Y,gdag_p10,-0.006659,0.5134,,0.038993
F568-V1,DM-dom,g_dag,0.103386,11,Y,gdag_m10,0.007655,0.5134,,0.038993
F568-V1,DM-dom,g_dag,0.103386,11,Y,gdag_p20,-0.012451,0.5134,,0.038993
F568-V1,DM-dom,g_dag,0.103386,11,Y,gdag_m20,0.016478,0.5134,,0.038993
F568-V1,DM-dom,Ydisk,0.103386,11,Y,Ydisk_p10,-0.008281,0.5134,,0.038993
F568-V1,DM-dom,Ydisk,0.103386,11,Y,Ydisk_m10,0.009655,0.5134,,0.038993
F568-V1,DM-dom,Ydisk,0.103386,11,Y,Ydisk_p20,-0.015321,0.5134,,0.038993
F568-V1,DM-dom,Ydisk,0.103386,11,Y,Ydisk_m20,0.020874,0.5134,,0.038993
F568-V1,DM-dom,combined,0.103386,11,Y,both_p10,-0.014393,0.5134,,0.038993
F568-V1,DM-dom,combined,0.103386,11,Y,both_m10,0.017756,0.5134,,0.038993
F568-V1,DM-dom,combined,0.103386,11,Y,both_p20,-0.025331,0.5134,,0.038993
F568-V1,DM-dom,combined,0.103386,11,Y,both_m20,0.038993,0.5134,,0.038993
UGC08286,DM-dom,g_dag,0.048689,8,Y,gdag_p10,-3.8e-05,0.5824,,0.021765
UGC08286,DM-dom,g_dag,0.048689,8,Y,gdag_m10,0.001674,0.5824,,0.021765
UGC08286,DM-dom,g_dag,0.048689,8,Y,gdag_p20,0.001198,0.5824,,0.021765
UGC08286,DM-dom,g_dag,0.048689,8,Y,gdag_m20,0.005308,0.5824,,0.021765
UGC08286,DM-dom,Ydisk,0.048689,8,Y,Ydisk_p10,0.000456,0.5824,,0.021765
UGC08286,DM-dom,Ydisk,0.048689,8,Y,Ydisk_m10,0.002684,0.5824,,0.021765
UGC08286,DM-dom,Ydisk,0.048689,8,Y,Ydisk_p20,0.003295,0.5824,,0.021765
UGC08286,DM-dom,Ydisk,0.048689,8,Y,Ydisk_m20,0.008931,0.5824,,0.021765
UGC08286,DM-dom,combined,0.048689,8,Y,both_p10,0.002378,0.5824,,0.021765
UGC08286,DM-dom,combined,0.048689,8,Y,both_m10,0.006521,0.5824,,0.021765
UGC08286,DM-dom,combined,0.048689,8,Y,both_p20,0.010762,0.5824,,0.021765
UGC08286,DM-dom,combined,0.048689,8,Y,both_m20,0.021765,0.5824,,0.021765
UGC05005,DM-dom,g_dag,0.132152,7,Y,gdag_p10,0.008252,0.4378,,0.036567
UGC05005,DM-dom,g_dag,0.132152,7,Y,gdag_m10,-0.008899,0.4378,,0.036567
UGC05005,DM-dom,g_dag,0.132152,7,Y,gdag_p20,0.01593,0.4378,,0.036567
UGC05005,DM-dom,g_dag,0.132152,7,Y,gdag_m20,-0.018523,0.4378,,0.036567
UGC05005,DM-dom,Ydisk,0.132152,7,Y,Ydisk_p10,0.008442,0.4378,,0.036567
UGC05005,DM-dom,Ydisk,0.132152,7,Y,Ydisk_m10,-0.009046,0.4378,,0.036567
UGC05005,DM-dom,Ydisk,0.132152,7,Y,Ydisk_p20,0.016355,0.4378,,0.036567
UGC05005,DM-dom,Ydisk,0.132152,7,Y,Ydisk_m20,-0.018785,0.4378,,0.036567
UGC05005,DM-dom,combined,0.132152,7,Y,both_p10,0.016749,0.4378,,0.036567
UGC05005,DM-dom,combined,0.132152,7,Y,both_m10,-0.017827,0.4378,,0.036567
UGC05005,DM-dom,combined,0.132152,7,Y,both_p20,0.032443,0.4378,,0.036567
UGC05005,DM-dom,combined,0.132152,7,Y,both_m20,-0.036567,0.4378,,0.036567
